Feature,Importance
P_Found_Global,0.008630706229191905
P_AreaFull_aVR,0.007205103439430833
QRS_Area_V1,0.006774800408323753
R_Dur_V6,0.006656724296143215
HR_Atrial_Global,0.00654715952518696
T_AreaFull_V6,0.0051027304114047755
T_AreaFull_V5,0.00494291885312986
QRS_Dur_Global,0.004679241245296799
R_Area_V2,0.004651487096098362
R_Area_V3,0.004493454273916402
ST_Amp18_V6,0.004442400284954031
R_PeakTime_V6,0.004434784336639095
RR_Mean_Global,0.004195146207644415
T_Amp_aVR,0.003963283247361749
R_Dur_I,0.003935913021589424
Q_Dur_aVF,0.0039087772769932395
QRS_Area_II,0.0038626782915020218
QRS_Area_I,0.0038481381776919233
P-_Dur_aVR,0.003711215920856822
T+_Amp_V5,0.0036323109429065234
T_AmpSpecial_V3,0.0035023185990798143
PR_Int_Global,0.0035009982865461605
R_Area_V5,0.0034165935930243487
Rp_Area_V1,0.0034077953056358807
T_AreaFull_I,0.003347930699558258
ST_Amp18_aVR,0.003315833884452162
T_AmpSpecial_V5,0.003302198822631785
P_AreaFull_I,0.0032636991916167634
T_Amp_V5,0.0032431545436246148
R_Amp_aVL,0.003238888742844673
R_Amp_V5,0.003224575573428518
QRS_Balance_V5,0.0031767180741969813
T_AmpSpecial_V4,0.003136105328217204
ST_Amp18_V5,0.0031359248907577592
R_Area_V6,0.003098404334026381
S_Dur_V1,0.003021833153887478
T_AmpSpecial_aVR,0.002946044535423487
R_PeakTime_V4,0.002941761249469167
Q_Area_III,0.0029171498946059236
R_AxisFrontal_Global,0.0028879089891156815
ST_AmpMin_V1,0.0028434436796903927
QRS_Balance_aVL,0.002839143717241221
T_AmpSpecial_V6,0.00281048014264759
Max_R_Amp_V6,0.0027613991099978024
T+_Dur_V6,0.002746180812256032
P_AreaFull_II,0.0027207575634346833
QRS_Balance_V6,0.0026880936213459234
T_AreaFull_aVR,0.0026775643886047243
QRS_Area_V2,0.0026774460669203417
QRS_Area_aVR,0.002666447910488094
Q_Dur_II,0.00266405133830415
R_Area_III,0.0026566061318035127
T-_Amp_V3,0.0026446657205470127
ST_AmpMin_V2,0.0026199031694963872
P_Area_III,0.002611716137927665
QRS_AmpPP_aVR,0.002597660508985489
QRS_AmpPP_III,0.0025941422366994923
QRS_AmpPP_V6,0.002588753747335493
T_Area_aVF,0.0025725181403686292
R_PeakTime_V5,0.002531624901289973
R_Dur_V2,0.0025295588869593596
R_Dur_V4,0.002528626986747702
ST_Amp116_V1,0.0025272327001695915
QRS_Balance_II,0.0025264553708947753
T+_Dur_V5,0.00251201177371066
Q_Area_aVF,0.0025069501768438525
R_Amp_V4,0.0024937380261135177
QRS_Area_V4,0.002457238165010556
T_AreaFull_V3,0.002454434442570654
T_Area_I,0.0024452158053602526
S_Amp_V1,0.002443822939836783
R_Area_I,0.002442240740677689
T+_Dur_V3,0.002424582495623943
HR_Ventr_Global,0.0024102034980603357
R_Amp_V6,0.002401685278558851
R_Amp_V2,0.0023928515226343426
Q_Dur_V5,0.0023867997054259245
R_Dur_aVL,0.0023857508016497655
ST_Amp116_II,0.0023715657855865498
QT_IntBazett_Global,0.0023696017801816873
R_PeakTime_V2,0.0023618558045847625
ST_Amp116_V5,0.0023562166641537354
QRS_Area_V6,0.002349154527449065
S_Area_I,0.002341771978289047
QRS_Area_V3,0.0023377574081246554
ST_AmpMin_III,0.002337200579951691
S_Dur_V2,0.0023367120519327787
ST_Amp18_I,0.002328169419157903
ST_Amp116_V3,0.0023137286563909027
ST_Amp116_aVR,0.0023084066130449775
R_Area_V4,0.0023073140194402046
QRS_Balance_V1,0.0023070363469926986
Q_Dur_V2,0.002304886916644429
R_Amp_aVF,0.0022926829016364923
ST_Amp18_aVF,0.002290666487138971
P_Area_aVR,0.0022870008115976324
R_Dur_V3,0.0022811763406873253
S_Area_V2,0.0022749925733709674
R_Amp_V3,0.002273838896055661
QRS_AmpPP_V5,0.0022698023777762903
Max_R_Amp_III,0.0022635307181251662
QRS_AmpPP_V1,0.002260281276687885
T_Amp_V4,0.0022320962176863913
QRS_AmpPP_aVL,0.002225768263057127
ST_AmpMax_V1,0.0022255606047603916
P_PeakTime_V3,0.002222683487886216
Max_R_Amp_V5,0.002219661123659935
Q_PeakTime_aVR,0.002202909692364224
S_Amp_V2,0.0022011206256755
R_PeakTime_aVL,0.0021995479195138
R_Dur_V5,0.002194494655714923
ST_Amp18_V2,0.002192140027391823
S_Dur_V6,0.00218974367465816
ST_Amp116_V6,0.002183539926575623
T_PeakTime_aVR,0.0021817682481615535
P_Off_Global,0.002166152499631931
R_Amp_III,0.0021611306584742064
S_Area_V5,0.0021602647476217916
ST_AmpMin_V5,0.002159893979866973
Max_S_Amp_aVR,0.002152028299722094
T_AmpSpecial_aVF,0.0021495777192146724
S_Area_V4,0.002146496459934466
R_PeakTime_II,0.0021428317534520243
T_AmpSpecial_V1,0.0021415641373496944
T+_Dur_I,0.0021357239495076916
T_AmpSpecial_I,0.00213151507551182
S_Area_V6,0.0021304291385912605
T+_Dur_II,0.002124339497008882
QRS_AmpPP_I,0.0021189760803481785
T+_Amp_V3,0.002118656735855423
QRS_AmpPP_II,0.002117274197852397
QRS_AmpPP_aVF,0.002116763662404807
QRS_AmpPP_V2,0.002114424661050503
ST_Amp18_II,0.0021113482552039893
ST_Amp116_V4,0.0021059656756440715
T_PeakTime_V1,0.0021017722418468633
R_Area_aVL,0.002099056399656239
ST_Amp116_I,0.002096299467789862
T_Off_II,0.002080796725980906
T_PeakTime_I,0.002080040282897367
T+_Amp_V6,0.002079165912079388
T_Amp_V6,0.002076801909054866
QRS_On_Global,0.0020691364445186897
Max_S_Amp_aVF,0.0020679550435812356
ST_AmpMin_aVL,0.002065276981253284
Max_R_Amp_V3,0.0020613028728047986
T_Amp_aVF,0.002060788234457042
Q_Dur_I,0.0020586811578280086
R_PeakTime_III,0.0020548717697916586
ST_Amp116_aVF,0.0020477004034515725
Q_Amp_aVF,0.00204630531898455
R_Dur_II,0.002045630478602045
T_PeakTime_V5,0.0020448761788429692
QRS_Off_Global,0.002043677720347798
T_Area_aVR,0.0020387164954396
QRS_Balance_aVR,0.002036859629620498
Q_Area_aVR,0.0020351844585216527
S_Area_V3,0.002034112700099378
T_PeakTime_aVL,0.0020329397247208407
ST_AmpMin_V3,0.0020319062994962746
QRS_AmpPP_V3,0.0020277388825503543
ST_Amp18_III,0.0020207547339989597
T_Area_V6,0.002020127136285922
QRS_Balance_V3,0.002016082335997499
ST_AmpMax_V5,0.0020134087770711014
Max_R_Amp_V2,0.0020093777319574254
S_Amp_II,0.002009265072509583
S_PeakTime_V5,0.0020081550509361075
ST_Amp18_V1,0.002007258175951192
T_PeakTime_V4,0.0020053884393330347
R_Amp_I,0.002002491900091596
T+_Dur_V4,0.001988496492277452
T_PeakTime_V6,0.0019853304700641816
T_Off_Global,0.0019805576599013627
Max_S_Amp_III,0.00197936421380106
ST_AmpMax_aVL,0.001978388580999123
Max_S_Amp_aVL,0.001978315871753493
T_Area_V5,0.00197656911139779
QT_Int_Global,0.001975335726826215
P_Dur_V1,0.0019720341236788338
P_PeakTime_V1,0.0019700690754689276
T_On_Global,0.0019684823723687492
T_DurFull_aVR,0.001967547718885402
T+_Dur_aVF,0.001965434024834579
T_Amp_II,0.0019631184215263523
P+_Dur_V2,0.001962641094058014
R_Amp_II,0.0019602033051157024
T_AreaFull_III,0.0019599640817416957
S_PeakTime_V1,0.001959445143919596
T_AmpSpecial_V2,0.0019541689245547245
QRS_AmpPP_V4,0.0019491655519972082
Max_S_Amp_I,0.0019486666759633918
T_DurFull_V6,0.0019451713962275712
P_OnsAmp_I,0.0019442566697114795
R_Dur_aVF,0.0019370801090775847
T_DurFull_I,0.0019314841444256826
QRS_Balance_I,0.0019238821634829392
P_PeakTime_III,0.0019222276839743352
P_On_Global,0.0019214611995760035
T_Dur_I,0.0019207404165773384
ST_AmpMin_I,0.0019097235217178437
Q_Dur_III,0.001904587373971126
T_AmpSpecial_aVL,0.0019012903112062781
Max_S_Amp_V1,0.001901007151345612
R_Area_V1,0.0019008463351707116
P_AreaFull_aVF,0.001898043501384209
Rp_Dur_V1,0.0018970425015264112
P_PeakTime_aVL,0.0018964427226357224
T_Dur_aVF,0.0018952633298625697
P-_Dur_V1,0.0018951406833613133
S_Dur_V3,0.0018914850723191748
Max_R_Amp_V1,0.001890101438729582
Max_S_Amp_V6,0.001886685459624968
ST_AmpMin_V4,0.001885834304044631
T_Off_V3,0.0018855816201490381
R_Area_II,0.0018843029538402334
S_PeakTime_III,0.0018837327991959528
Max_R_Amp_II,0.0018835989260154193
T_Area_V3,0.0018811935977714326
T-_Dur_V3,0.0018761556741576325
QT_IntFramingham_Global,0.0018732676921822762
T_PeakTime_II,0.0018729552891997272
S_PeakTime_II,0.0018706757499307584
Q_Amp_aVR,0.0018706358784846213
P_OnsAmp_V2,0.0018696719676974402
T_Amp_I,0.001869114554364834
P_PeakTime_V5,0.0018676615029601063
T_AxisFront_Global,0.0018670118223457456
T_Off_aVL,0.001864123744179763
T_DurFull_V1,0.001864120917655212
ST_AmpMax_III,0.0018631541379209473
T_Area_V1,0.001861415448624515
P+_Dur_V1,0.0018577701158099414
T_Amp_V3,0.0018576701304636564
Q_Dur_aVL,0.0018569206642835418
ST_AmpMin_V6,0.001856297222128872
QRS_Balance_V2,0.0018557256997278812
Max_R_Amp_aVF,0.0018446522075988715
T_AmpSpecial_III,0.0018413134143190552
T-_Dur_aVR,0.0018410750197876103
ST_Amp116_V2,0.0018398981510318216
P_AxisFront_Global,0.0018359469506352888
T_Off_V5,0.0018320369467107673
P_Area_aVF,0.001831814019262033
T_PeakTime_V2,0.0018286976407842427
QRS_Balance_aVF,0.0018286873363017625
T_Amp_V2,0.001825480357846403
P_OnsAmp_III,0.001824589245173275
ST_AmpMax_aVR,0.001821925758800501
S_PeakTime_V2,0.0018133266870390182
T_AreaFull_aVF,0.0018121109475279069
R_PeakTime_aVF,0.0018116941224681055
P_DurFull_V1,0.0018101007639631723
ST_AmpMax_I,0.0018077440349231237
T_Off_III,0.0018075331733552187
S_Amp_V6,0.0018044193684699614
S_Amp_V5,0.0018012720452211166
ST_Amp18_V3,0.0017989429053791278
R_Dur_III,0.001798367567539957
S_Amp_V3,0.0017927062896995853
R_PeakTime_I,0.0017922081332841825
Max_S_Amp_V5,0.0017859792622680365
S_Dur_V4,0.0017850620946373349
S_Dur_V5,0.001781562890786425
T_Off_V4,0.0017787986523787474
T_AmpSpecial_II,0.0017722076245571755
P_Term_V1,0.0017696967081095771
R_PeakTime_aVR,0.001767698741740926
T_Off_V6,0.001764461105853177
P_Area_II,0.0017644352277383698
T+_Amp_V4,0.0017585486364978197
Q_Dur_aVR,0.0017583062006343748
P_DurFull_V2,0.0017563695027848106
T_Off_V2,0.001756073065966336
P_OnsAmp_aVF,0.001755922596079842
Max_S_Amp_V2,0.0017550084717725641
Q_Area_II,0.001754371468994084
P_OnsAmp_V6,0.0017513692562993205
QRS_Area_aVF,0.0017502925565769161
T-_Amp_aVR,0.0017498742630685507
T_Off_I,0.001749440945016015
R_PeakTime_V1,0.0017480863050076227
T+_Dur_III,0.0017476885247052158
T_Off_V1,0.001743858674209628
T_PeakTime_III,0.0017407030460717733
R_Area_aVR,0.001738798185754804
T_Area_V2,0.0017380086057405067
T+_Dur_V1,0.0017331287001409585
Max_R_Amp_aVR,0.001731085906474125
T_AreaFull_V4,0.0017307945541934883
S_Dur_aVL,0.0017306131312117509
T_Off_aVF,0.0017292166107296706
T+_Amp_I,0.0017282292870824398
T_Dur_V6,0.0017268487303596684
S_Area_V1,0.0017266268200651442
T_PeakTime_aVF,0.0017236573024755502
T_Amp_V1,0.0017223464713779168
T+_Amp_III,0.0017209240211710586
P_AreaFull_III,0.0017204094866598498
QT_IntFridericia_Global,0.0017175611078451088
T_PeakTime_V3,0.0017154270781093608
T-_Amp_V4,0.0017133037450178764
T_Area_III,0.0017118229270790372
S_Amp_V4,0.0017095163774822634
Q_Dur_V1,0.0017053052359773636
QRS_Area_V5,0.0017030073669063266
T-_Dur_I,0.001701120143757257
P_PeakTime_V2,0.0017002984981044685
P_PeakTime_V6,0.0017002831835702251
T_Off_aVR,0.001698179038288861
T_Area_II,0.001696808973743612
QRS_Area_III,0.0016965076834914447
QRS_Balance_V4,0.0016939239921758614
S_Area_III,0.0016879401102753838
Q_Amp_III,0.0016858409262722027
P_PeakTime_I,0.0016810446217956053
ST_AmpMin_II,0.0016807833665753004
T_AreaFull_V1,0.0016691321777169972
T_AreaFull_aVL,0.0016688711184542626
P_PeakTime_V4,0.0016651109602870578
P+_Dur_III,0.0016635229354290198
T_DurFull_aVF,0.0016549586769049373
Max_S_Amp_V3,0.001652907332014766
Max_R_Amp_V4,0.0016526032465000013
Max_R_Amp_aVL,0.0016485792816561347
T_AreaFull_II,0.0016471520954174763
T_DurFull_V2,0.001644187494648731
S_PeakTime_V3,0.0016401224008821035
ST_Amp116_III,0.0016364932974792575
P_Area_I,0.0016356599295188246
S_Dur_III,0.0016347579288067517
Q_Area_V1,0.0016310556851656935
ST_Amp18_V4,0.001630637402447943
T-_Dur_V6,0.0016273174366333632
ST_AmpMax_V4,0.0016254980008066553
T_Dur_III,0.0016218778762129783
R_Area_aVF,0.0016207598343144281
T+_Amp_V2,0.001620652334507105
R_Amp_V1,0.0016158864499460433
ST_Amp18_aVL,0.0016121105330412166
T_DurFull_V3,0.0016090071702033668
S_Dur_aVF,0.0016087446899707746
P_OnsAmp_V1,0.0016077985026147533
ST_Amp116_aVL,0.0016058548087238382
P_PeakTime_II,0.0016045117102340416
S_PeakTime_V6,0.0015999830394028292
T_Dur_V4,0.0015996002282309299
T_Dur_V5,0.0015967770681126533
T_Dur_aVL,0.0015957608677311683
ST_AmpMax_V6,0.0015929265879341243
S_PeakTime_V4,0.0015917711741275202
T_Amp_aVL,0.0015914978783072556
S_Amp_III,0.001591363438634844
ST_AmpMax_II,0.0015909191195964537
T_Area_V4,0.0015904762475333035
R_PeakTime_V3,0.0015870197873436294
QRS_Area_aVL,0.001586401871710392
T_Dur_aVR,0.0015863114299540708
P+_Dur_aVL,0.001583273447083183
S_PeakTime_I,0.0015819345718551569
P_OnsAmp_V5,0.0015811491832857304
T-_Dur_aVL,0.0015784607316225263
ST_AmpMin_aVR,0.0015708269771278276
ST_AmpMax_aVF,0.001562589398433328
Max_R_Amp_I,0.001561871821230066
Q_PeakTime_aVL,0.0015605959633830935
Q_Dur_V6,0.0015601062514795528
P_Dur_Global,0.0015599451620246173
Pp_Dur_V1,0.0015546422221370325
S_Dur_I,0.0015544900073772455
Max_S_Amp_V4,0.0015538734101721923
P_OnsAmp_II,0.0015519286606508165
Q_Area_V4,0.00154954573002415
P-_Dur_aVL,0.0015494386069634456
T_Dur_II,0.0015488488228954137
S_Area_aVL,0.0015420158491351531
ST_AmpMax_V3,0.0015416989397450934
Max_S_Amp_II,0.001538037975201328
S_Amp_I,0.0015376761330733613
Q_Dur_V4,0.001531545166024875
T_Area_aVL,0.0015272465725656268
Pp_PeakTime_V1,0.0015230346924893685
S_PeakTime_aVF,0.001522932185345503
T_AreaFull_V2,0.0015214512541976961
P_Dur_III,0.0015164197511540359
T_Dur_V1,0.0015162064616669017
T-_Amp_V5,0.0015119838728608912
T_Dur_V3,0.0015044524837522057
ST_AmpMin_aVF,0.0015034194372473995
ST_AmpMax_V2,0.0015018340303775682
T_DurFull_V4,0.001497341464512875
S_Area_II,0.0014946290502231962
P_OnsAmp_aVL,0.001492913010070432
T_DurFull_II,0.001483407910793669
P_Dur_aVL,0.0014747001706243697
P_PeakTime_aVF,0.0014686337916350182
P_OnsAmp_aVR,0.0014656902301917938
Q_Area_V5,0.0014628540972145116
T+_Amp_aVF,0.0014574244298766982
S_Area_aVF,0.001448368995995024
T+_Amp_V1,0.001445404215917086
S_Dur_II,0.001440929926826295
T_DurFull_III,0.001437676423801488
S_PeakTime_aVL,0.0014320437715515115
S_Amp_aVF,0.0014319286300155524
R_Dur_V1,0.0014304005505390844
T+_Dur_V2,0.0014290179052465137
T+_Amp_aVL,0.0014282830128095002
S_Amp_aVR,0.001426492862681359
P_PeakTime_aVR,0.001416400242922433
P_OnsAmp_V3,0.001414314626668722
T+_Dur_aVL,0.001411323864269465
Rp_PeakTime_V1,0.001396952553847568
T_DurFull_V5,0.0013915917689870585
Q_PeakTime_II,0.0013896900020003067
QRS_Count_Global,0.00138928767508764
P+_Dur_I,0.0013865349282534255
Q_PeakTime_V2,0.0013802462734451707
S_Area_aVR,0.0013685874069717286
T+_Amp_II,0.0013677981695440456
P_OnsAmp_V4,0.0013616270271240402
QRS_Balance_III,0.0013604502610949072
S_Amp_aVL,0.0013530365821818617
P_Dur_V2,0.0013501381662366439
R_Dur_aVR,0.0013490561812093
T_DurFull_aVL,0.0013285271771117982
T_Amp_III,0.0013269857926219229
Q_PeakTime_aVF,0.001323571459486907
T-_Amp_III,0.0013052774522478458
Q_Amp_V4,0.0013050203981068897
Q_PeakTime_III,0.0012956271875428698
T-_Dur_V5,0.0012950426958090926
Pp_Dur_aVL,0.0012729097870567909
Q_Area_V2,0.0012697499214019922
P_Dur_V4,0.0012589721872384456
P+_Dur_aVF,0.0012488451944683851
P_DurFull_V3,0.0012477961837726456
T-_Amp_V1,0.0012386683267353782
Q_PeakTime_V1,0.0012375509830204556
T-_Dur_III,0.0012288245443260628
P_DurFull_III,0.0012264606588267548
T_Dur_V2,0.001225891111169989
T-_Dur_V1,0.00122306753190183
S_Dur_aVR,0.0012201305917341862
P_Dur_V3,0.0012021768625807886
P+_Dur_V3,0.0011936402180076661
T+_Dur_aVR,0.0011836741888161622
P-_Dur_V2,0.0011604457000523047
P_Dur_aVF,0.0011564389192321638
Q_PeakTime_I,0.0011459070049922803
P-_Dur_III,0.0011249421765214874
P_DurFull_aVL,0.001113631139791539
T-_Dur_aVF,0.001108670882955667
T-_Amp_aVL,0.0010939037749914736
P_Dur_II,0.001050203234565018
Pp_Dur_III,0.0010366406246341007
Pp_Dur_V2,0.0010334071550336746
T-_Dur_II,0.00103017990181412
Q_Area_V3,0.0010111716441993633
Pp_PeakTime_aVL,0.0010082039758128952
P_DurFull_aVF,0.0010051570911161695
Pp_PeakTime_V2,0.0009838362390637177
Pp_PeakTime_III,0.0009821378847907724
P+_Dur_II,0.0009668643504452212
Q_PeakTime_V6,0.00095775876129125
S_PeakTime_aVR,0.0009482318695271546
Rp_Dur_aVR,0.0009403531106634823
T-_Amp_aVF,0.0009099617373529758
Tp_PeakTime_III,0.0009087246778061993
Rp_PeakTime_V2,0.0008903220379764561
Q_Dur_V3,0.0008830156156888071
Q_Amp_V2,0.0008821426355575953
T-_Dur_V4,0.0008808283253190092
T-_Amp_V2,0.0008787274986142451
Tp_Dur_aVL,0.0008744908487118417
P_DurFull_V4,0.0008637661590848623
Q_Amp_V1,0.0008416786297595413
Rp_Amp_III,0.0008296437442013639
P_Dur_I,0.0008151293497915395
T-_Amp_I,0.0008140833492457898
Rp_Amp_V1,0.0007867670240141136
T-_Dur_V2,0.000780591257784705
Rp_Dur_aVF,0.0007766138973608377
T-_Amp_II,0.0007700998788912607
Rp_Dur_III,0.0007687960753821121
Rp_PeakTime_III,0.0007537455664024199
P-_Dur_aVF,0.0007362606167157922
Rp_PeakTime_aVF,0.000735226120815565
Rp_Area_aVR,0.0007245222447436082
Tp_Dur_III,0.0007231790612854253
T-_Amp_V6,0.0007077096197154803
P-_Dur_II,0.0006873568488379656
T_Morph_V6,0.0006769296052911067
Q_Amp_V3,0.0006762539259536918
Tp_Dur_I,0.0006666157611199829
Q_PeakTime_V5,0.0006593664850589772
Q_PeakTime_V3,0.000656065087118265
Tp_Dur_V5,0.0006476649026715954
Tp_Dur_aVR,0.0006319896710920148
Tp_Dur_aVF,0.0006319135474337075
Tp_Amp_III,0.0006143322386640771
Rp_Dur_V2,0.0006066687435693092
P_DurFull_II,0.0005875661378722417
Rp_PeakTime_aVR,0.0005753396086466806
Tp_Amp_V6,0.0005722994981747973
Tp_Amp_V3,0.0005699689411242508
Tp_PeakTime_I,0.0005470761001776999
Rp_Area_III,0.0005380637115395383
P_DurFull_I,0.0005278445097570449
Tp_Dur_II,0.0005118383688583844
Pp_PeakTime_aVF,0.0005037688346327109
P_Dur_V6,0.000502566844954992
P-_Dur_V3,0.0005003640884967616
Tp_Dur_V6,0.0005003174473886709
Tp_PeakTime_aVL,0.00048664855470849296
Tp_Amp_aVR,0.00046421433105903
Rp_PeakTime_II,0.0004612759250942302
Tp_PeakTime_V3,0.0004579396938147434
Tp_Dur_V2,0.00044694490695245943
Tp_Amp_V4,0.00044550305978252976
Tp_Amp_aVL,0.00042724859421299296
P_DurFull_V5,0.0004133546766351466
Pp_PeakTime_V3,0.0004132529503618509
Rp_Dur_II,0.00040997320789078217
P_Dur_V5,0.00040664685440202383
T+_Amp_aVR,0.000403601636269556
P-_Dur_I,0.00040109842321125127
Rp_PeakTime_aVL,0.00040056915969540505
Tp_PeakTime_aVF,0.00039882618135780537
P+_Dur_V6,0.0003914735467425721
Rp_Area_aVL,0.00038433775037416217
Tp_Amp_V5,0.000380914203252375
Pp_Dur_V3,0.00038018348918817307
Tp_PeakTime_II,0.00037533314642101777
Q_PeakTime_V4,0.0003740173602729278
P_Dur_aVR,0.0003692928733209432
Tp_Dur_V3,0.000365642149995823
P+_Dur_V4,0.00035591227849905965
P+_Dur_V5,0.0003550416137332539
Rp_Area_V2,0.0003523597813416588
Tp_Amp_II,0.0003492706149453455
Tp_Amp_I,0.00034796737846760553
P-_Dur_V4,0.00034745083135252785
Tp_PeakTime_aVR,0.0003458498528235103
Tp_PeakTime_V1,0.0003423447369487356
Pp_Dur_aVF,0.00033810982846662843
Rp_Amp_II,0.00033730327919267625
Tp_Dur_V4,0.0003306485638658761
Tp_PeakTime_V6,0.00032970661426187984
Tp_PeakTime_V5,0.00031888045240351456
P_Morph_aVL,0.00031501053579909314
P_DurFull_aVR,0.0003116399166174233
Tp_PeakTime_V4,0.0003026198887787128
Rp_PeakTime_V3,0.00030230552597381805
Rp_Dur_aVL,0.00029726535260925956
Tp_Amp_aVF,0.0002945142963869592
Pp_Dur_I,0.0002849885352326841
P_DurFull_V6,0.0002753454699413234
Tp_PeakTime_V2,0.00024864577118039003
Tp_Dur_V1,0.0002384371377263313
Rp_Area_V3,0.0002345927799578314
Tp_Amp_V2,0.00023080251708437326
Pp_PeakTime_II,0.00022915050967485976
Sp_Dur_aVF,0.00022419785411823226
Sp_Area_aVF,0.00022287015957063284
Pp_Dur_II,0.00021213420429484035
Pp_Dur_V4,0.00020613972397552708
Sp_Area_III,0.0002003240098651909
T_Morph_I,0.00019611480598480014
Tp_Amp_V1,0.00018437043517054516
Sp_Dur_III,0.00018399929473871145
Sp_PeakTime_aVL,0.00018126014481945817
P_Morph_V1,0.00018006383926781304
Rp_Amp_V3,0.00017496366724687612
Sp_Dur_V2,0.00017446054982305582
Rp_Amp_V4,0.00017278152912602587
Sp_Area_V2,0.00017081195650369687
Sp_Dur_V4,0.0001682882582950327
Pp_PeakTime_I,0.00015597755456406434
P+_Dur_aVR,0.00015372700271023027
Rp_PeakTime_V4,0.00014939058820669681
Sp_PeakTime_III,0.0001486701421218656
P_Morph_V5,0.000129317590509052
P_Morph_II,0.00012665744219764562
Sp_Area_V4,0.00012436672557792548
P_Morph_III,0.0001237529085286088
Sp_PeakTime_V1,0.00011781534827235392
Sp_Dur_aVL,0.00011570140338597535
T_Morph_aVF,0.00011501544139395326
Rp_Area_I,0.00010809639145193969
Sp_Area_V3,0.00010770198620729528
Sp_PeakTime_aVF,0.00010465056797236961
Pp_Dur_aVR,0.00010178483316232845
Rp_PeakTime_V5,9.910281159583542e-05
Sp_Dur_V3,9.207159592286621e-05
T_Morph_V5,8.185293872730207e-05
Sp_Dur_V1,7.492701041559547e-05
Sp_PeakTime_V4,7.425249708121864e-05
Pp_PeakTime_V4,7.308767398156353e-05
P-_Dur_V5,6.935779502027336e-05
Tp_Area_V2,6.358445645704613e-05
Sp_Dur_aVR,6.073025465643002e-05
P_Morph_V4,5.798814502560486e-05
Rp_Dur_I,5.10384157000078e-05
Sp_PeakTime_V3,4.92298474409065e-05
Rp_Dur_V3,4.78280039792249e-05
Sp_Dur_V5,4.523741160282644e-05
P_Morph_I,4.49140917241447e-05
Sp_PeakTime_II,4.22888759018506e-05
Sp_Area_V5,4.212497102128247e-05
T_Morph_III,4.048022378425477e-05
Pp_Dur_V6,3.6540941899579205e-05
P_Morph_V3,3.4237702740198475e-05
P_Morph_aVF,3.31502928698467e-05
Sp_Dur_I,3.2844590181011266e-05
Sp_PeakTime_V2,3.134552389383316e-05
Sp_PeakTime_V5,2.971084682878612e-05
Pp_Dur_V5,2.8637936832067573e-05
Rp_PeakTime_V6,2.7025414441349142e-05
Rp_Dur_V4,2.4035324389904233e-05
P-_Dur_V6,2.3748494795192096e-05
P_Morph_V2,2.2642828437294494e-05
Pp_PeakTime_aVR,2.126563912636395e-05
T_Morph_aVL,2.113812784585407e-05
Rp_Dur_V5,2.1000025730769514e-05
Sp_Area_II,1.7819838337915933e-05
Pp_PeakTime_V5,1.6086722992486875e-05
Sp_Dur_II,1.528404748769698e-05
Rp_PeakTime_I,1.3374513354531284e-05
Rp_Dur_V6,4.187930706825297e-06
P_Morph_V6,0.0
T_Morph_aVR,0.0
P_Morph_aVR,0.0
Sp_PeakTime_I,0.0
Sp_PeakTime_aVR,0.0
T_Morph_V3,0.0
T_Morph_V4,0.0
Pp_PeakTime_V6,0.0
Sp_Dur_V6,0.0
Sp_Area_V6,0.0
Sp_PeakTime_V6,0.0
T_Morph_II,0.0
QT_IntCorr_Global,0.0
Q_On_Global,0.0
Q_Off_Global,0.0
Sp_Amp_V3,0.0
T_Morph_V1,0.0
T_Morph_V2,0.0
HR__Global,0.0
