src,dst,src_neo4j_id,dst_neo4j_id,rel,decision,props_json
0,36,3,77,PART_OF,,"{""knowledge_source"": ""2024 ESC CCS Guidelines"", ""source_sentences"": ""CCS, chronic coronary syndrome.""}"
1,2,5,6,CAUSES,,"{""source_sentences"": ""Third, in any given patient, myocardial ischaemia and angina symptoms may be caused by various underlying pathophysiological mechanisms, alone or in combination;6,512these may include obstruction of epicardial coronary arteries, vasospasm, and endothelial/microvascular dysfunction.""}"
1,86,5,326,CAUSES,,"{""knowledge_source"": ""2024 ESC CCS Guidelines"", ""source_sentences"": ""Through the intravenous (i.v.) injection of contrast agent, CCTA allows direct anatomical visualization of the coronary artery lumen and wall.""}"
1,53,5,147,INDICATES,,"{""knowledge_source"": ""2024 ESC CCS Guidelines"", ""source_sentences"": ""Invasive coronary angiography with available coronary pressure assessment49,308–311,313is indicated in patients with a very high (>85%) clinical likelihood of obstructive CAD,1in particular those with severe symptoms refractory to antianginal treatment, or characteristic angina or dyspnoea at a low level of exercise1,47or left ventricle dysfunction suggesting extensive obstructive CAD.47,182,314,315\nInvasive coronary angiography/coronary pressure assessment is also indicated if non-invasive assessment suggests high event risk—e.g. CCTA shows ≥50% left main stenosis, or ≥70% proximal LAD stenosis with single or two-vessel CAD, or ≥70% proximal three-vessel CAD56,182,316,317—or when any stress test shows moderate to severe inducible ischaemia316or when symptoms are highly suggestive for obstructive CAD.""}"
1,12,5,19,INDICATES,,"{""knowledge_source"": ""2024 ESC CCS Guidelines"", ""source_sentences"": ""The possibility of a microcirculatory origin of angina should be considered in individuals with symptoms suggestive of myocardial ischaemia and coronary arteries that are either normal or with non-obstructive lesions on CCTA or ICA.""}"
1,25,5,36,INDICATES,,"{""knowledge_source"": ""2024 ESC CCS Guidelines"", ""source_sentences"": ""The presence of myocardial ischaemia on functional imaging without obstructive CAD on CCTA or ICA should always raise the clinical suspicion of ANOCA/INOCA.""}"
1,155,5,639,PRECEDES,,"{""knowledge_source"": ""2024 ESC CCS Guidelines"", ""source_sentences"": ""About half of acute and chronic HF patients have an ischaemic aetiology.880,881Over the last decades, the proportion of ischaemic HFrEF has decreased while that of HFpEF, defined according to the 2021 ESC Guidelines for the diagnosis and treatment of acute and chronic heart failure,526has increased.882The evaluation of inducible ischaemia is important in patients with HF, given the high prevalence of CAD.883–885Moreover, patients with HFpEF may present MVA due to CMD.886Indeed, CMD was observed in up to 75% of patients with HFpEF and was associated with worse diastolic relaxation velocities, as well as higher filling pressures, and an increased risk of adverse events.883–885,887–890Clinical assessment alone may under-estimate the proportion of patients with obstructive or non-obstructive CAD, which can be found in up to 81% of HFpEF patients.887Under-estimation of obstructive CAD leads to failure in identifying those patients who may benefit from revascularization.""}"
1,224,5,1121,HAS_ONTOLOGY,,{}
2,1,6,5,INDICATES,,"{""source_sentences"": ""If frequent angina persists despite GDMT optimization, ICA or CCTA can assist in guiding treatment decisions.1177–1179When symptoms are uncertain, functional testing may help clarify the presence and extent of myocardial ischaemia.""}"
2,237,6,1134,HAS_ONTOLOGY,,{}
2,177,6,734,ASSOCIATED_WITH,,"{""knowledge_source"": ""2024 ESC CCS Guidelines"", ""source_sentences"": ""Angina with non-obstructive coronary arteries occurs in up to 70% of the patients undergoing ICA, of whom 25% have documented ischaemia (INOCA).""}"
2,1,6,5,CAUSES,,"{""knowledge_source"": ""2024 ESC CCS Guidelines"", ""source_sentences"": ""Although angina that meets all three characteristics, with retrosternal chest discomfort provoked by exertion or emotional stress and relieved by rest or nitroglycerine, is highly suggestive of ischaemia caused by obstructive CAD, these characteristics are rarely all present when ischaemia is caused by microvascular dysfunction and vasospasm.""}"
2,0,6,3,INDICATES,,"{""knowledge_source"": ""2024 ESC CCS Guidelines"", ""source_sentences"": ""In contemporary studies, only 10% to 25% of patients with suspected CCS present with angina with classic aggravating and relieving factors, while 57% to 78% have symptoms less characteristic of angina and 10% to 15% have dyspnoea on exertion.33,57\nMain CCS symptoms: angina and exertional dyspnoea.""}"
2,25,6,36,INDICATES,,"{""knowledge_source"": ""2024 ESC CCS Guidelines"", ""source_sentences"": ""In clinical practice, the following, not entirely exclusive, CCS patients seek outpatient medical attention: (i) the symptomatic patient with reproducible stress-induced angina or ischaemia with epicardial obstructive CAD; (ii) the patient with angina or ischaemia caused by epicardial vasomotor abnormalities or functional/structural microvascular alterations in the absence of epicardial obstructive CAD (ANOCA/INOCA); (iii) the non-acute patient post-ACS or after a revascularization; (iv) the non-acute patient with heart failure (HF) of ischaemic or cardiometabolic origin.""}"
3,4,8,9,CAUSES,,"{""knowledge_source"": ""2024 ESC CCS Guidelines"", ""source_sentences"": ""Although stable for long periods, chronic coronary diseases are frequently progressive and may destabilize at any moment with the development of an ACS.’""}"
5,5,10,10,ASSOCIATED_WITH,,"{""knowledge_source"": ""2024 ESC CCS Guidelines"", ""source_sentences"": ""The discussion about which modality to use as a first-line test has been heavily focused on the detection of obstructive epicardial stenoses, neglecting the relatively high prevalence of non-obstructive coronary disease and ANOCA/INOCA, especially in female patients.""}"
5,1,10,5,CAUSES,,"{""knowledge_source"": ""2024 ESC CCS Guidelines"", ""source_sentences"": ""Older concepts considered a fixed, focal, flow-limiting atherosclerotic stenosis of a large or medium coronary artery as asine qua nonfor inducible myocardial ischaemia and ischaemic chest pain (angina pectoris).""}"
5,19,10,28,CAUSES,,"{""knowledge_source"": ""2024 ESC CCS Guidelines"", ""source_sentences"": ""At the microvascular level, coronary microvascular dysfunction (CMD) is increasingly acknowledged as a prevalent factor characterizing the entire spectrum of CCS;6functional and structural microcirculatory abnormalities may cause angina and ischaemia even in patients with non-obstructive disease of the large or medium coronary arteries [angina with non-obstructive coronary arteries (ANOCA); ischaemia with non-obstructive coronary arteries (INOCA)].6Finally, systemic or extracoronary conditions, such as anaemia, tachycardia, blood pressure (BP) changes, myocardial hypertrophy, and fibrosis, may contribute to the complex pathophysiology of non-acute myocardial ischaemia.7\nThe risk factors that predispose to the development of epicardial coronary atherosclerosis also promote endothelial dysfunction and abnormal vasomotion in the entire coronary tree, including the arterioles that regulate coronary flow and resistance,8–10and adversely affect myocardial capillaries,6,11–14leading to their rarefaction.""}"
5,1,10,5,INDICATES,,"{""knowledge_source"": ""2024 ESC CCS Guidelines"", ""source_sentences"": ""Presence of asymptomatic atherosclerotic CAD is common in the general population.1097–1100In the Swedish Cardiopulmonary Bioimage Study, CCTA was performed in randomly selected individuals from the general population.1097In the 25 182 individuals without known CAD, atherosclerotic plaque was present in 42% of participants.""}"
5,211,10,825,INDICATES,,"{""knowledge_source"": ""2024 ESC CCS Guidelines"", ""source_sentences"": ""Patients with inflammatory rheumatic diseases have an increased risk of CVD compared with the general population.1033,1034Accumulating evidence has shown elevated cardiovascular morbidity and mortality in other rheumatic and musculoskeletal diseases, including gout, vasculitis, systemic sclerosis, myositis, mixed connective tissue disease, Sjögren syndrome, SLE, and the antiphospholipid syndrome.1035–1044\nSome of these patient categories have two- to three-fold higher prevalences of asymptomatic ASCVD compared with the general population,1045–1051which is linked to ASCVD outcomes.1049,1052–1054Thus, identification of ASCVD such as carotid artery plaque(s) may be considered in ASCVD and CAD risk evaluation.1050,1055–1057\nIn patients with inflammatory rheumatic diseases and CCS, CVD preventive medications such as lipid-lowering medications and antihypertensive treatment should be used as in the general population.1058–1062""}"
5,12,10,19,PREVENTS,,"{""knowledge_source"": ""2024 ESC CCS Guidelines"", ""source_sentences"": ""If symptoms persist after obstructive CAD is ruled out, coronary microvascular disease and vasospasm should be considered.""}"
5,223,10,1120,HAS_ONTOLOGY,,{}
7,6,14,13,CAUSES,,"{""knowledge_source"": ""2024 ESC CCS Guidelines"", ""source_sentences"": ""At the macrovascular level, not only fixed, flow-limiting stenoses but also diffuse atherosclerotic lesions without identifiable luminal narrowing may cause ischaemia under stress;2,3structural abnormalities such as myocardial bridging4and congenital arterial anomalies5or dynamic epicardial vasospasm may be responsible for transient ischaemia.""}"
8,6,15,13,CAUSES,,"{""knowledge_source"": ""2024 ESC CCS Guidelines"", ""source_sentences"": ""At the macrovascular level, not only fixed, flow-limiting stenoses but also diffuse atherosclerotic lesions without identifiable luminal narrowing may cause ischaemia under stress;2,3structural abnormalities such as myocardial bridging4and congenital arterial anomalies5or dynamic epicardial vasospasm may be responsible for transient ischaemia.""}"
9,6,16,13,CAUSES,,"{""knowledge_source"": ""2024 ESC CCS Guidelines"", ""source_sentences"": ""At the macrovascular level, not only fixed, flow-limiting stenoses but also diffuse atherosclerotic lesions without identifiable luminal narrowing may cause ischaemia under stress;2,3structural abnormalities such as myocardial bridging4and congenital arterial anomalies5or dynamic epicardial vasospasm may be responsible for transient ischaemia.""}"
10,6,17,13,CAUSES,,"{""knowledge_source"": ""2024 ESC CCS Guidelines"", ""source_sentences"": ""At the macrovascular level, not only fixed, flow-limiting stenoses but also diffuse atherosclerotic lesions without identifiable luminal narrowing may cause ischaemia under stress;2,3structural abnormalities such as myocardial bridging4and congenital arterial anomalies5or dynamic epicardial vasospasm may be responsible for transient ischaemia.""}"
11,6,18,13,CAUSES,,"{""knowledge_source"": ""2024 ESC CCS Guidelines"", ""source_sentences"": ""At the macrovascular level, not only fixed, flow-limiting stenoses but also diffuse atherosclerotic lesions without identifiable luminal narrowing may cause ischaemia under stress;2,3structural abnormalities such as myocardial bridging4and congenital arterial anomalies5or dynamic epicardial vasospasm may be responsible for transient ischaemia.""}"
12,2,19,6,CAUSES,,"{""source_sentences"": ""Third, in any given patient, myocardial ischaemia and angina symptoms may be caused by various underlying pathophysiological mechanisms, alone or in combination;6,512these may include obstruction of epicardial coronary arteries, vasospasm, and endothelial/microvascular dysfunction.""}"
12,243,19,1140,HAS_ONTOLOGY,,{}
12,170,19,694,CAUSES,,"{""knowledge_source"": ""2024 ESC CCS Guidelines"", ""source_sentences"": ""Symptoms of angina/ischaemia with non-obstructive coronary arteries are associated with adverse physical, mental, and social health.952Angina/ischaemia with non-obstructive coronary arteries is associated with poor QoL, higher risk of disability, and a higher incidence of adverse events, including mortality, morbidity, healthcare costs, recurrent hospital readmissions and repeat coronary angiograms.300,953–958The incidence of all-cause death and non-fatal MI in patients with non-obstructive atherosclerosis was higher than in those with angiographically normal epicardial vessels.298,959–961Proven myocardial ischaemia by stress echocardiography or nuclear imaging was associated with a higher incidence of events compared with ischaemia detected by exercise electrocardiographic stress testing.958There is a two- to four-fold higher risk of adverse cardiovascular outcomes in patients with MVA diagnosed by PET or transthoracic echocardiography and a two-fold higher risk in patients with epicardial endothelial-dependent dysfunction.300,962Microvascular angina due to impaired CFR was associated with increased major adverse cardiac events and target-vessel failure rates over a 5-year follow-up period.931Vasospastic angina is associated with major adverse events, including sudden cardiac death, acute MI, and syncope.963In a group of ANOCA/INOCA patients, abnormal non-invasive testing did not allow the identification of patients with a higher risk of long-term cardiovascular events.""}"
12,183,19,741,ASSOCIATED_WITH,,"{""knowledge_source"": ""2024 ESC CCS Guidelines"", ""source_sentences"": ""Standardized diagnostic criteria for VSA have been defined.73Microvascular angina and epicardial VSA can co-exist, which is associated with a worse prognosis.947Concomitant endothelial dysfunction is prevalent in most patients with INOCA with inducible coronary artery spasm and/or impaired adenosine-mediated vasodilation.38,948\nThe Japanese population has a higher prevalence of coronary vasospasm than Western populations.""}"
12,12,19,19,INDICATES,,"{""knowledge_source"": ""2024 ESC CCS Guidelines"", ""source_sentences"": ""Coronary microvascular dysfunction is characterized by decreased CFR and increased microvascular vascular resistance (IMR, HMR, MRR).""}"
12,1,19,5,CAUSES,,"{""knowledge_source"": ""2024 ESC CCS Guidelines"", ""source_sentences"": ""Microvascular angina is the clinical manifestation of myocardial ischaemia caused by structural or functional changes in the coronary microvasculature (leading to impaired CFR and/or reduced microcirculatory conductance) and/or abnormal vasoconstriction of coronary arterioles (causing dynamic arteriolar obstruction).932,933Both vascular dysfunction mechanisms may co-exist and contribute to MVA.""}"
12,166,19,681,ASSOCIATED_WITH,,"{""knowledge_source"": ""2024 ESC CCS Guidelines"", ""source_sentences"": ""Standardized diagnostic criteria for VSA have been defined.73Microvascular angina and epicardial VSA can co-exist, which is associated with a worse prognosis.947Concomitant endothelial dysfunction is prevalent in most patients with INOCA with inducible coronary artery spasm and/or impaired adenosine-mediated vasodilation.38,948\nThe Japanese population has a higher prevalence of coronary vasospasm than Western populations.""}"
12,170,19,694,ASSOCIATED_WITH,,"{""knowledge_source"": ""2024 ESC CCS Guidelines"", ""source_sentences"": ""A large proportion of patients undergoing coronary angiography because of angina do not have obstructive epicardial coronary arteries (ANOCA).""}"
12,21,19,30,CAUSES,,"{""knowledge_source"": ""2024 ESC CCS Guidelines"", ""source_sentences"": ""At the microvascular level, coronary microvascular dysfunction (CMD) is increasingly acknowledged as a prevalent factor characterizing the entire spectrum of CCS;6functional and structural microcirculatory abnormalities may cause angina and ischaemia even in patients with non-obstructive disease of the large or medium coronary arteries [angina with non-obstructive coronary arteries (ANOCA); ischaemia with non-obstructive coronary arteries (INOCA)].6Finally, systemic or extracoronary conditions, such as anaemia, tachycardia, blood pressure (BP) changes, myocardial hypertrophy, and fibrosis, may contribute to the complex pathophysiology of non-acute myocardial ischaemia.7\nThe risk factors that predispose to the development of epicardial coronary atherosclerosis also promote endothelial dysfunction and abnormal vasomotion in the entire coronary tree, including the arterioles that regulate coronary flow and resistance,8–10and adversely affect myocardial capillaries,6,11–14leading to their rarefaction.""}"
12,1,19,5,ASSOCIATED_WITH,,"{""knowledge_source"": ""2024 ESC CCS Guidelines"", ""source_sentences"": ""At the microvascular level, coronary microvascular dysfunction (CMD) is increasingly acknowledged as a prevalent factor characterizing the entire spectrum of CCS;6functional and structural microcirculatory abnormalities may cause angina and ischaemia even in patients with non-obstructive disease of the large or medium coronary arteries [angina with non-obstructive coronary arteries (ANOCA); ischaemia with non-obstructive coronary arteries (INOCA)].6Finally, systemic or extracoronary conditions, such as anaemia, tachycardia, blood pressure (BP) changes, myocardial hypertrophy, and fibrosis, may contribute to the complex pathophysiology of non-acute myocardial ischaemia.7\nThe risk factors that predispose to the development of epicardial coronary atherosclerosis also promote endothelial dysfunction and abnormal vasomotion in the entire coronary tree, including the arterioles that regulate coronary flow and resistance,8–10and adversely affect myocardial capillaries,6,11–14leading to their rarefaction.""}"
13,14,20,21,CAUSES,,"{""knowledge_source"": ""2024 ESC CCS Guidelines"", ""source_sentences"": ""At the microvascular level, coronary microvascular dysfunction (CMD) is increasingly acknowledged as a prevalent factor characterizing the entire spectrum of CCS;6functional and structural microcirculatory abnormalities may cause angina and ischaemia even in patients with non-obstructive disease of the large or medium coronary arteries [angina with non-obstructive coronary arteries (ANOCA); ischaemia with non-obstructive coronary arteries (INOCA)].6Finally, systemic or extracoronary conditions, such as anaemia, tachycardia, blood pressure (BP) changes, myocardial hypertrophy, and fibrosis, may contribute to the complex pathophysiology of non-acute myocardial ischaemia.7\nThe risk factors that predispose to the development of epicardial coronary atherosclerosis also promote endothelial dysfunction and abnormal vasomotion in the entire coronary tree, including the arterioles that regulate coronary flow and resistance,8–10and adversely affect myocardial capillaries,6,11–14leading to their rarefaction.""}"
13,2,20,6,CAUSES,,"{""knowledge_source"": ""2024 ESC CCS Guidelines"", ""source_sentences"": ""At the microvascular level, coronary microvascular dysfunction (CMD) is increasingly acknowledged as a prevalent factor characterizing the entire spectrum of CCS;6functional and structural microcirculatory abnormalities may cause angina and ischaemia even in patients with non-obstructive disease of the large or medium coronary arteries [angina with non-obstructive coronary arteries (ANOCA); ischaemia with non-obstructive coronary arteries (INOCA)].6Finally, systemic or extracoronary conditions, such as anaemia, tachycardia, blood pressure (BP) changes, myocardial hypertrophy, and fibrosis, may contribute to the complex pathophysiology of non-acute myocardial ischaemia.7\nThe risk factors that predispose to the development of epicardial coronary atherosclerosis also promote endothelial dysfunction and abnormal vasomotion in the entire coronary tree, including the arterioles that regulate coronary flow and resistance,8–10and adversely affect myocardial capillaries,6,11–14leading to their rarefaction.""}"
14,241,21,1138,HAS_ONTOLOGY,,{}
14,25,21,36,INDICATES,,"{""knowledge_source"": ""2024 ESC CCS Guidelines"", ""source_sentences"": ""In clinical practice, the following, not entirely exclusive, CCS patients seek outpatient medical attention: (i) the symptomatic patient with reproducible stress-induced angina or ischaemia with epicardial obstructive CAD; (ii) the patient with angina or ischaemia caused by epicardial vasomotor abnormalities or functional/structural microvascular alterations in the absence of epicardial obstructive CAD (ANOCA/INOCA); (iii) the non-acute patient post-ACS or after a revascularization; (iv) the non-acute patient with heart failure (HF) of ischaemic or cardiometabolic origin.""}"
14,24,21,35,INDICATES,,"{""knowledge_source"": ""2024 ESC CCS Guidelines"", ""source_sentences"": ""Failure to diagnose epicardial obstructive CAD in a patient with documented ischaemia should stimulate a subsequent search pathway to elucidate ANOCA/INOCA endotypes.""}"
15,16,22,23,CAUSES,,"{""knowledge_source"": ""2024 ESC CCS Guidelines"", ""source_sentences"": ""At the microvascular level, coronary microvascular dysfunction (CMD) is increasingly acknowledged as a prevalent factor characterizing the entire spectrum of CCS;6functional and structural microcirculatory abnormalities may cause angina and ischaemia even in patients with non-obstructive disease of the large or medium coronary arteries [angina with non-obstructive coronary arteries (ANOCA); ischaemia with non-obstructive coronary arteries (INOCA)].6Finally, systemic or extracoronary conditions, such as anaemia, tachycardia, blood pressure (BP) changes, myocardial hypertrophy, and fibrosis, may contribute to the complex pathophysiology of non-acute myocardial ischaemia.7\nThe risk factors that predispose to the development of epicardial coronary atherosclerosis also promote endothelial dysfunction and abnormal vasomotion in the entire coronary tree, including the arterioles that regulate coronary flow and resistance,8–10and adversely affect myocardial capillaries,6,11–14leading to their rarefaction.""}"
17,16,26,23,CAUSES,,"{""knowledge_source"": ""2024 ESC CCS Guidelines"", ""source_sentences"": ""At the microvascular level, coronary microvascular dysfunction (CMD) is increasingly acknowledged as a prevalent factor characterizing the entire spectrum of CCS;6functional and structural microcirculatory abnormalities may cause angina and ischaemia even in patients with non-obstructive disease of the large or medium coronary arteries [angina with non-obstructive coronary arteries (ANOCA); ischaemia with non-obstructive coronary arteries (INOCA)].6Finally, systemic or extracoronary conditions, such as anaemia, tachycardia, blood pressure (BP) changes, myocardial hypertrophy, and fibrosis, may contribute to the complex pathophysiology of non-acute myocardial ischaemia.7\nThe risk factors that predispose to the development of epicardial coronary atherosclerosis also promote endothelial dysfunction and abnormal vasomotion in the entire coronary tree, including the arterioles that regulate coronary flow and resistance,8–10and adversely affect myocardial capillaries,6,11–14leading to their rarefaction.""}"
18,16,27,23,CAUSES,,"{""knowledge_source"": ""2024 ESC CCS Guidelines"", ""source_sentences"": ""At the microvascular level, coronary microvascular dysfunction (CMD) is increasingly acknowledged as a prevalent factor characterizing the entire spectrum of CCS;6functional and structural microcirculatory abnormalities may cause angina and ischaemia even in patients with non-obstructive disease of the large or medium coronary arteries [angina with non-obstructive coronary arteries (ANOCA); ischaemia with non-obstructive coronary arteries (INOCA)].6Finally, systemic or extracoronary conditions, such as anaemia, tachycardia, blood pressure (BP) changes, myocardial hypertrophy, and fibrosis, may contribute to the complex pathophysiology of non-acute myocardial ischaemia.7\nThe risk factors that predispose to the development of epicardial coronary atherosclerosis also promote endothelial dysfunction and abnormal vasomotion in the entire coronary tree, including the arterioles that regulate coronary flow and resistance,8–10and adversely affect myocardial capillaries,6,11–14leading to their rarefaction.""}"
19,2,28,6,CAUSES,,"{""source_sentences"": ""Third, in any given patient, myocardial ischaemia and angina symptoms may be caused by various underlying pathophysiological mechanisms, alone or in combination;6,512these may include obstruction of epicardial coronary arteries, vasospasm, and endothelial/microvascular dysfunction.""}"
19,25,28,36,ASSOCIATED_WITH,,"{""knowledge_source"": ""2024 ESC CCS Guidelines"", ""source_sentences"": ""In all patients with established ANOCA/INOCA due to the frequent presence of coronary atherosclerosis and endothelial dysfunction, tailored counselling on lifestyle factors is warranted to address risk factors, reduce symptoms, and improve QoL and prognosis.""}"
19,116,28,455,ASSOCIATED_WITH,,"{""knowledge_source"": ""2024 ESC CCS Guidelines"", ""source_sentences"": ""Standardized diagnostic criteria for VSA have been defined.73Microvascular angina and epicardial VSA can co-exist, which is associated with a worse prognosis.947Concomitant endothelial dysfunction is prevalent in most patients with INOCA with inducible coronary artery spasm and/or impaired adenosine-mediated vasodilation.38,948\nThe Japanese population has a higher prevalence of coronary vasospasm than Western populations.""}"
19,20,28,29,AFFECTS,,"{""knowledge_source"": ""2024 ESC CCS Guidelines"", ""source_sentences"": ""At the microvascular level, coronary microvascular dysfunction (CMD) is increasingly acknowledged as a prevalent factor characterizing the entire spectrum of CCS;6functional and structural microcirculatory abnormalities may cause angina and ischaemia even in patients with non-obstructive disease of the large or medium coronary arteries [angina with non-obstructive coronary arteries (ANOCA); ischaemia with non-obstructive coronary arteries (INOCA)].6Finally, systemic or extracoronary conditions, such as anaemia, tachycardia, blood pressure (BP) changes, myocardial hypertrophy, and fibrosis, may contribute to the complex pathophysiology of non-acute myocardial ischaemia.7\nThe risk factors that predispose to the development of epicardial coronary atherosclerosis also promote endothelial dysfunction and abnormal vasomotion in the entire coronary tree, including the arterioles that regulate coronary flow and resistance,8–10and adversely affect myocardial capillaries,6,11–14leading to their rarefaction.""}"
20,21,29,30,CAUSES,,"{""knowledge_source"": ""2024 ESC CCS Guidelines"", ""source_sentences"": ""At the microvascular level, coronary microvascular dysfunction (CMD) is increasingly acknowledged as a prevalent factor characterizing the entire spectrum of CCS;6functional and structural microcirculatory abnormalities may cause angina and ischaemia even in patients with non-obstructive disease of the large or medium coronary arteries [angina with non-obstructive coronary arteries (ANOCA); ischaemia with non-obstructive coronary arteries (INOCA)].6Finally, systemic or extracoronary conditions, such as anaemia, tachycardia, blood pressure (BP) changes, myocardial hypertrophy, and fibrosis, may contribute to the complex pathophysiology of non-acute myocardial ischaemia.7\nThe risk factors that predispose to the development of epicardial coronary atherosclerosis also promote endothelial dysfunction and abnormal vasomotion in the entire coronary tree, including the arterioles that regulate coronary flow and resistance,8–10and adversely affect myocardial capillaries,6,11–14leading to their rarefaction.""}"
23,2,34,6,CAUSES,,"{""source_sentences"": ""Third, in any given patient, myocardial ischaemia and angina symptoms may be caused by various underlying pathophysiological mechanisms, alone or in combination;6,512these may include obstruction of epicardial coronary arteries, vasospasm, and endothelial/microvascular dysfunction.""}"
23,242,34,1139,HAS_ONTOLOGY,,{}
23,187,34,750,ASSOCIATED_WITH,,"{""knowledge_source"": ""2024 ESC CCS Guidelines"", ""source_sentences"": ""Symptoms of angina/ischaemia with non-obstructive coronary arteries are associated with adverse physical, mental, and social health.952Angina/ischaemia with non-obstructive coronary arteries is associated with poor QoL, higher risk of disability, and a higher incidence of adverse events, including mortality, morbidity, healthcare costs, recurrent hospital readmissions and repeat coronary angiograms.300,953–958The incidence of all-cause death and non-fatal MI in patients with non-obstructive atherosclerosis was higher than in those with angiographically normal epicardial vessels.298,959–961Proven myocardial ischaemia by stress echocardiography or nuclear imaging was associated with a higher incidence of events compared with ischaemia detected by exercise electrocardiographic stress testing.958There is a two- to four-fold higher risk of adverse cardiovascular outcomes in patients with MVA diagnosed by PET or transthoracic echocardiography and a two-fold higher risk in patients with epicardial endothelial-dependent dysfunction.300,962Microvascular angina due to impaired CFR was associated with increased major adverse cardiac events and target-vessel failure rates over a 5-year follow-up period.931Vasospastic angina is associated with major adverse events, including sudden cardiac death, acute MI, and syncope.963In a group of ANOCA/INOCA patients, abnormal non-invasive testing did not allow the identification of patients with a higher risk of long-term cardiovascular events.""}"
23,1,34,5,CAUSES,,"{""knowledge_source"": ""2024 ESC CCS Guidelines"", ""source_sentences"": ""Vasospastic angina is the clinical manifestation of myocardial ischaemia caused by abnormal vasoconstriction of one or more epicardial coronary arteries leading to a dynamic coronary obstruction.""}"
23,171,34,695,ASSOCIATED_WITH,,"{""knowledge_source"": ""2024 ESC CCS Guidelines"", ""source_sentences"": ""A large proportion of patients undergoing coronary angiography because of angina do not have obstructive epicardial coronary arteries (ANOCA).""}"
23,172,34,696,ASSOCIATED_WITH,,"{""knowledge_source"": ""2024 ESC CCS Guidelines"", ""source_sentences"": ""A large proportion of patients undergoing coronary angiography because of angina do not have obstructive epicardial coronary arteries (ANOCA).""}"
23,24,34,35,INDICATES,,"{""knowledge_source"": ""2024 ESC CCS Guidelines"", ""source_sentences"": ""In clinical practice, the following, not entirely exclusive, CCS patients seek outpatient medical attention: (i) the symptomatic patient with reproducible stress-induced angina or ischaemia with epicardial obstructive CAD; (ii) the patient with angina or ischaemia caused by epicardial vasomotor abnormalities or functional/structural microvascular alterations in the absence of epicardial obstructive CAD (ANOCA/INOCA); (iii) the non-acute patient post-ACS or after a revascularization; (iv) the non-acute patient with heart failure (HF) of ischaemic or cardiometabolic origin.""}"
25,161,36,666,CAUSES,,"{""knowledge_source"": ""2024 ESC CCS Guidelines"", ""source_sentences"": ""A large proportion of patients undergoing coronary angiography because of angina do not have obstructive epicardial coronary arteries (ANOCA). | As a consequence, these patients continue to experience recurrent angina with poor QoL, leading to repeated hospitalizations, unnecessary repeat coronary angiography, and adverse cardiovascular outcomes in the short and long term.36\nPrevalence of disease characteristics in patients with ANOCA/INOCA referred for invasive coronary functional testing.""}"
25,96,36,343,ASSOCIATED_WITH,,"{""knowledge_source"": ""2024 ESC CCS Guidelines"", ""source_sentences"": ""Management should be patient-centred with a patient-oriented multidisciplinary care approach.977Figure 15provides an algorithm for the therapeutic management of ANOCA/INOCA. | In all patients with established ANOCA/INOCA due to the frequent presence of coronary atherosclerosis and endothelial dysfunction, tailored counselling on lifestyle factors is warranted to address risk factors, reduce symptoms, and improve QoL and prognosis.""}"
25,2,36,6,CAUSES,,"{""knowledge_source"": ""2024 ESC CCS Guidelines"", ""source_sentences"": ""Angina/ischaemia with non-obstructive coronary arteries (ANOCA/INOCA) may be caused by transient and/or sustained impairments in the supply–demand of myocardial perfusion.""}"
30,31,54,56,INDICATES,,"{""knowledge_source"": ""2024 ESC CCS Guidelines"", ""source_sentences"": ""Contemporary primary prevention,16including lifestyle changes and guideline-directed medical therapy (GDMT), has led to a decline of the age-standardized prevalence22,23of obstructive epicardial coronary atherosclerosis in patients with suspected CCS.24–28As a consequence, the diagnostic and prognostic risk prediction models applied in the past to identify obstructive epicardial CAD in patients with suspected angina pectoris have required updating and refinement.27,29,30Initial use of coronary computed tomography angiography (CCTA)31,32for detecting and assessing epicardial coronary atherosclerosis is increasingly being adopted since it has shown similar performance to non-invasive stress testing for detecting segmental myocardial ischaemia.33–35Invasive coronary angiography (ICA), classically used to detect anatomically significant stenoses, has expanded to become a functional test36that includes refined haemodynamic assessment of epicardial stenoses, provocative testing for the detection of epicardial or microvascular spasm,37–40and a functional assessment of CMD.41–43Moreover, there is a growing interest in non-invasive imaging methods such as stress positron emission tomography (PET)44,45or stress magnetic resonance imaging (MRI),46which allow accurate assessment of the coronary microcirculation in a quantitative manner.""}"
31,239,56,1136,HAS_ONTOLOGY,,{}
31,31,56,56,ASSOCIATED_WITH,,"{""knowledge_source"": ""2024 ESC CCS Guidelines"", ""source_sentences"": ""Furthermore, patients with “typical” vs. “atypical” angina included in the PRECISE study had similar 1-year outcomes,57highlighting the limited prognostic value of symptom classification on typicality of angina used in obstructive CAD prediction models.""}"
33,226,60,1123,HAS_ONTOLOGY,,{}
35,5,72,10,PART_OF,,"{""knowledge_source"": ""2024 ESC CCS Guidelines"", ""source_sentences"": ""The current rationale behind choosing a first-line test should be to assess the anatomical severity and functional consequences of coronary disease, whether obstructive or not.""}"
36,1,77,5,INDICATES,,"{""knowledge_source"": ""2024 ESC CCS Guidelines"", ""source_sentences"": ""Recommendations for estimating, adjusting and reclassifying the likelihood of obstructive atherosclerotic coronary artery disease in the initial diagnostic management of individuals with suspected chronic coronary syndrome (see also Evidence Table 3)\nRecommendations for estimating, adjusting and reclassifying the likelihood of obstructive atherosclerotic coronary artery disease in the initial diagnostic management of individuals with suspected chronic coronary syndrome (see also Evidence Table 3)""}"
39,240,81,1137,HAS_ONTOLOGY,,{}
40,53,87,147,ASSOCIATED_WITH,,"{""knowledge_source"": ""2024 ESC CCS Guidelines"", ""source_sentences"": ""Individual adjustment of the likelihood may be necessary for individuals with severe single risk factors or comorbidities associated with an increased prevalence of obstructive CAD, which are not reflected in the RF-CL model, e.g. familial hypercholesterolaemia, severe kidney dysfunction, rheumatic/inflammatory diseases, and peripheral artery disease (PAD).""}"
41,1,89,5,ASSOCIATED_WITH,,"{""knowledge_source"": ""2024 ESC CCS Guidelines"", ""source_sentences"": ""Because of their high prevalence in CCS patients, diabetes, chronic obstructive pulmonary disease, kidney disease, and peripheral and cerebral vascular disease are particularly relevant.""}"
42,1,92,5,ASSOCIATED_WITH,,"{""knowledge_source"": ""2024 ESC CCS Guidelines"", ""source_sentences"": ""Because of their high prevalence in CCS patients, diabetes, chronic obstructive pulmonary disease, kidney disease, and peripheral and cerebral vascular disease are particularly relevant.""}"
43,234,93,1131,HAS_ONTOLOGY,,{}
43,44,93,94,INDICATES,,"{""knowledge_source"": ""2024 ESC CCS Guidelines"", ""source_sentences"": ""Recent-onset anginal symptoms with changing frequency or intensity should raise the suspicion that a coronary atherosclerotic plaque may be destabilizing.""}"
45,225,96,1122,HAS_ONTOLOGY,,{}
46,36,107,77,ASSOCIATED_WITH,,"{""knowledge_source"": ""2024 ESC CCS Guidelines"", ""source_sentences"": ""Atrial fibrillation (AF) is not rarely associated with CCS.68ST-segment depression during supraventricular tachyarrhythmias, however, is not a strong predictor of obstructive CAD.69–72\nThe ECG can be crucial for diagnosing transient myocardial ischaemia by recording dynamic ST-segment changes during ongoing angina.""}"
46,1,107,5,ASSOCIATED_WITH,,"{""knowledge_source"": ""2024 ESC CCS Guidelines"", ""source_sentences"": ""Atrial fibrillation (AF) is not rarely associated with CCS.68ST-segment depression during supraventricular tachyarrhythmias, however, is not a strong predictor of obstructive CAD.69–72\nThe ECG can be crucial for diagnosing transient myocardial ischaemia by recording dynamic ST-segment changes during ongoing angina.""}"
49,233,129,1130,HAS_ONTOLOGY,,{}
53,35,147,72,ASSOCIATED_WITH,,"{""knowledge_source"": ""2024 ESC CCS Guidelines"", ""source_sentences"": ""Consider local availability and expertise, and individual characteristics when choosing non-invasive testing.Table 6offers tips for selecting the first-line test in people with suspected CCS.aHigh–risk CAD: obstructive CAD at high risk of adverse events by CCTA: ≥50% stenosis of the left main stem; three–vessel disease with severe stenoses (≥70% diameter stenosis); single- or two–vessel disease including the proximal LAD with severe stenoses.""}"
53,0,147,3,INDICATES,,"{""knowledge_source"": ""2024 ESC CCS Guidelines"", ""source_sentences"": ""If available, and if no contraindications are met, stress CMR is recommended as an option in patients with suspected CCS with moderate or high (>15%–85%) pre-test likelihood of obstructive CAD or known CCS, particularly if additional information on cardiac function and tissue characterization is warranted.""}"
57,53,181,147,ASSOCIATED_WITH,,"{""knowledge_source"": ""2024 ESC CCS Guidelines"", ""source_sentences"": ""Individual adjustment of the likelihood may be necessary for individuals with severe single risk factors or comorbidities associated with an increased prevalence of obstructive CAD, which are not reflected in the RF-CL model, e.g. familial hypercholesterolaemia, severe kidney dysfunction, rheumatic/inflammatory diseases, and peripheral artery disease (PAD).""}"
59,53,192,147,ASSOCIATED_WITH,,"{""knowledge_source"": ""2024 ESC CCS Guidelines"", ""source_sentences"": ""The diagnosis of CCS is based on interpreting the individual’s symptoms, balancing the impact of age, sex, risk factors, and comorbidities on the likelihood that CCS is present, and choosing the most appropriate diagnostic test to confirm the clinically suspected diagnosis.""}"
60,12,202,19,INDICATES,,"{""knowledge_source"": ""2024 ESC CCS Guidelines"", ""source_sentences"": ""Diastolic LV dysfunction has been reported to be an early sign of ischaemic myocardial dysfunction and may also be indicative of microvascular dysfunction.174,175\nEchocardiography can help in detecting alternative causes of chest pain (e.g. pericarditis) and in diagnosing valvular heart diseases, ischaemic HF, and most cardiomyopathies,176though these diseases may co-exist with obstructive CAD.""}"
60,61,202,203,INDICATES,,"{""knowledge_source"": ""2024 ESC CCS Guidelines"", ""source_sentences"": ""Diastolic LV dysfunction has been reported to be an early sign of ischaemic myocardial dysfunction and may also be indicative of microvascular dysfunction.174,175\nEchocardiography can help in detecting alternative causes of chest pain (e.g. pericarditis) and in diagnosing valvular heart diseases, ischaemic HF, and most cardiomyopathies,176though these diseases may co-exist with obstructive CAD.""}"
66,53,231,147,INDICATES,,"{""knowledge_source"": ""2024 ESC CCS Guidelines"", ""source_sentences"": ""Exercise ECG testing may modify the likelihood of obstructive CAD and can be used in patients with low (>5%–15%) clinical likelihood, in whom a negative test allows reclassification to the very low (≤5%) clinical likelihood group with a favourable prognosis.144However, CCTA as a first-line diagnostic test can give more accurate information and has been associated with fewer angina symptoms during follow-up than a strategy with exercise ECG as the first investigation.145–148In addition, more adverse events were observed in randomized trials with an exercise ECG than with a CCTA-based diagnostic strategy.34,146However, exercise ECG remains clinically useful for reproducing anginal symptoms, which have a prognostic value.149,150\nIn contrast to exercise ECG, visualization of calcified atherosclerotic plaque in the coronary artery significantly impacts the clinical likelihood of atherosclerotic obstructive CAD.""}"
67,53,238,147,DIAGNOSES,,"{""knowledge_source"": ""2024 ESC CCS Guidelines"", ""source_sentences"": ""In general, individuals with a very low (≤5%) likelihood of obstructive CAD do not require further diagnostic testing unless symptoms persist and non-cardiac causes have been excluded.""}"
68,53,239,147,DIAGNOSES,,"{""knowledge_source"": ""2024 ESC CCS Guidelines"", ""source_sentences"": ""In patients with a low (>5%–15%) likelihood of obstructive CAD, the benefit of diagnostic testing is uncertain but may be performed if symptoms are limiting and require clarification.""}"
69,53,241,147,DIAGNOSES,,"{""knowledge_source"": ""2024 ESC CCS Guidelines"", ""source_sentences"": ""Patients with moderate (>15%–50%), high (>50%–85%), and very high (>85%) likelihood of obstructive CAD are encouraged to undergo further diagnostic testing.""}"
70,53,242,147,DIAGNOSES,,"{""knowledge_source"": ""2024 ESC CCS Guidelines"", ""source_sentences"": ""Patients with moderate (>15%–50%), high (>50%–85%), and very high (>85%) likelihood of obstructive CAD are encouraged to undergo further diagnostic testing.""}"
79,232,268,1129,HAS_ONTOLOGY,,{}
88,25,328,36,ASSOCIATED_WITH,,"{""knowledge_source"": ""2024 ESC CCS Guidelines"", ""source_sentences"": ""Functional disorders leading to ANOCA/INOCA (e.g. MVA and VSA) are more common in women than in men.298,299A recent meta-analysis reported an overall prevalence of MVA of 41% and VSA of 40% in selected patients without obstructive CAD.299However, the true prevalence in unselected patient populations with suspected CCS remains unclear.""}"
88,87,328,327,INDICATES,,"{""knowledge_source"": ""2024 ESC CCS Guidelines"", ""source_sentences"": ""Functional disorders leading to ANOCA/INOCA (e.g. MVA and VSA) are more common in women than in men.298,299A recent meta-analysis reported an overall prevalence of MVA of 41% and VSA of 40% in selected patients without obstructive CAD.299However, the true prevalence in unselected patient populations with suspected CCS remains unclear.""}"
89,25,329,36,ASSOCIATED_WITH,,"{""knowledge_source"": ""2024 ESC CCS Guidelines"", ""source_sentences"": ""Functional disorders leading to ANOCA/INOCA (e.g. MVA and VSA) are more common in women than in men.298,299A recent meta-analysis reported an overall prevalence of MVA of 41% and VSA of 40% in selected patients without obstructive CAD.299However, the true prevalence in unselected patient populations with suspected CCS remains unclear.""}"
89,87,329,327,INDICATES,,"{""knowledge_source"": ""2024 ESC CCS Guidelines"", ""source_sentences"": ""Functional disorders leading to ANOCA/INOCA (e.g. MVA and VSA) are more common in women than in men.298,299A recent meta-analysis reported an overall prevalence of MVA of 41% and VSA of 40% in selected patients without obstructive CAD.299However, the true prevalence in unselected patient populations with suspected CCS remains unclear.""}"
91,92,332,333,ASSOCIATED_WITH,,"{""knowledge_source"": ""2024 ESC CCS Guidelines"", ""source_sentences"": ""Several measurements that rely on quantifying blood flow through the coronary circulation are used to describe the function of the microvasculature to identify cases of MVA.""}"
96,25,343,36,ASSOCIATED_WITH,,"{""knowledge_source"": ""2024 ESC CCS Guidelines"", ""source_sentences"": ""In all patients with established ANOCA/INOCA due to the frequent presence of coronary atherosclerosis and endothelial dysfunction, tailored counselling on lifestyle factors is warranted to address risk factors, reduce symptoms, and improve QoL and prognosis.""}"
97,2,349,6,CAUSES,,"{""knowledge_source"": ""2024 ESC CCS Guidelines"", ""source_sentences"": ""In these patients, the prevalence of demonstrable ischaemia (INOCA) varies, depending on the stress test performed, between 10% and 30% (Figure 12).926–928Angina/ischaemia with non-obstructive coronary arteries is more frequent among women (approximately 50% to 70%) than in men (30% to 50%) referred for ICA.7,929The mismatch between blood supply and myocardial oxygen demands leading to angina and ischaemia in ANOCA/INOCA may be caused by CMD and/or epicardial coronary artery spasm.36However, these conditions are rarely correctly diagnosed, and, therefore, no tailored therapy is prescribed for these patients.""}"
97,116,349,455,CAUSES,,"{""knowledge_source"": ""2024 ESC CCS Guidelines"", ""source_sentences"": ""Doppler guidewires, is present in 50%, while ischaemia (INOCA) is documented by non-invasive functional testing in only 25% of ANOCA patients.""}"
97,2,349,6,INDICATES,,"{""knowledge_source"": ""2024 ESC CCS Guidelines"", ""source_sentences"": ""Angina with non-obstructive coronary arteries occurs in up to 70% of the patients undergoing ICA, of whom 25% have documented ischaemia (INOCA).""}"
97,19,349,28,ASSOCIATED_WITH,,"{""knowledge_source"": ""2024 ESC CCS Guidelines"", ""source_sentences"": ""Endothelial dysfunction is present in 80% and an acetylcholine test is positive in 60% of these patients.""}"
97,36,349,77,ASSOCIATED_WITH,,"{""knowledge_source"": ""2024 ESC CCS Guidelines"", ""source_sentences"": ""ANOCA, angina with non-obstructive coronary arteries; CAD, coronary artery disease; CCS, chronic coronary syndrome; CCTA, coronary computed tomography angiography; CMR, cardiac magnetic resonance; Echo, echocardiography; FFR, fractional flow reserve; ICFT, invasive coronary functional testing; iFR, instantaneous wave-free ratio; INOCA, ischaemia with non-obstructed coronary arteries; LV, left ventricular; PET, positron emission tomography; SPECT, single-photon emission computed tomography.""}"
114,88,447,328,CAUSES,,"{""knowledge_source"": ""2024 ESC CCS Guidelines"", ""source_sentences"": ""The prevalence of MVA was 26% in a study of patients with non-obstructive CAD who had a CFVR below 2 when assessed by transthoracic Doppler echocardiography.934Studies assessing CMD invasively or by PET with different cut-offs have found that 39% to 54% had CMD.935,936The threshold for CMD varies between studies and depending on the techniques used (PET, CMR, thermodilution, or Doppler); the threshold is a CFR of <2.0–2.5.36,39A thermodilution CFR of <2.0 has low sensitivity for identifying CMD, but using the same threshold as for Doppler (<2.5) results in reasonable diagnostic accuracy.937\nSmoking, age, diabetes, hypertension, and dyslipidaemia are associated with CMD.934,935,938Other studies have shown that diabetes was uncommon among patients with angina and non-obstructive CAD, while hypertension and dyslipidaemia were relatively more prevalent.939,940Inflammatory conditions such as systemic lupus erythematosus (SLE) and rheumatoid arthritis appear to be associated with MVA and are not infrequently encountered in patients with angina.941Inflammatory diseases occur more often in women after menopause than in men, which may contribute to the sex differences in MVA.942–944Last, but not least, there is increasing evidence that psychosocial stress is involved in coronary vasomotor disorders.945,946""}"
114,53,447,147,PRECEDES,,"{""knowledge_source"": ""2024 ESC CCS Guidelines"", ""source_sentences"": ""aPrevalence of ischaemia by non-invasive functional testing increases from non-obstructive to obstructive CAD.""}"
114,1,447,5,INDICATES,,"{""knowledge_source"": ""2024 ESC CCS Guidelines"", ""source_sentences"": ""aPrevalence of ischaemia by non-invasive functional testing increases from non-obstructive to obstructive CAD.""}"
116,14,455,21,CAUSES,,"{""knowledge_source"": ""2024 ESC CCS Guidelines"", ""source_sentences"": ""In these patients, the prevalence of demonstrable ischaemia (INOCA) varies, depending on the stress test performed, between 10% and 30% (Figure 12).926–928Angina/ischaemia with non-obstructive coronary arteries is more frequent among women (approximately 50% to 70%) than in men (30% to 50%) referred for ICA.7,929The mismatch between blood supply and myocardial oxygen demands leading to angina and ischaemia in ANOCA/INOCA may be caused by CMD and/or epicardial coronary artery spasm.36However, these conditions are rarely correctly diagnosed, and, therefore, no tailored therapy is prescribed for these patients.""}"
116,2,455,6,INDICATES,,"{""knowledge_source"": ""2024 ESC CCS Guidelines"", ""source_sentences"": ""Angina with non-obstructive coronary arteries occurs in up to 70% of the patients undergoing ICA, of whom 25% have documented ischaemia (INOCA).""}"
116,14,455,21,ASSOCIATED_WITH,,"{""knowledge_source"": ""2024 ESC CCS Guidelines"", ""source_sentences"": ""In these patients, the prevalence of demonstrable ischaemia (INOCA) varies, depending on the stress test performed, between 10% and 30% (Figure 12).926–928Angina/ischaemia with non-obstructive coronary arteries is more frequent among women (approximately 50% to 70%) than in men (30% to 50%) referred for ICA.7,929The mismatch between blood supply and myocardial oxygen demands leading to angina and ischaemia in ANOCA/INOCA may be caused by CMD and/or epicardial coronary artery spasm.36However, these conditions are rarely correctly diagnosed, and, therefore, no tailored therapy is prescribed for these patients.""}"
116,36,455,77,ASSOCIATED_WITH,,"{""knowledge_source"": ""2024 ESC CCS Guidelines"", ""source_sentences"": ""ANOCA, angina with non-obstructive coronary arteries; CAD, coronary artery disease; CCS, chronic coronary syndrome; CCTA, coronary computed tomography angiography; CMR, cardiac magnetic resonance; Echo, echocardiography; FFR, fractional flow reserve; ICFT, invasive coronary functional testing; iFR, instantaneous wave-free ratio; INOCA, ischaemia with non-obstructed coronary arteries; LV, left ventricular; PET, positron emission tomography; SPECT, single-photon emission computed tomography.""}"
117,155,456,639,ASSOCIATED_WITH,,"{""knowledge_source"": ""2024 ESC CCS Guidelines"", ""source_sentences"": ""About half of acute and chronic HF patients have an ischaemic aetiology.880,881Over the last decades, the proportion of ischaemic HFrEF has decreased while that of HFpEF, defined according to the 2021 ESC Guidelines for the diagnosis and treatment of acute and chronic heart failure,526has increased.882The evaluation of inducible ischaemia is important in patients with HF, given the high prevalence of CAD.883–885Moreover, patients with HFpEF may present MVA due to CMD.886Indeed, CMD was observed in up to 75% of patients with HFpEF and was associated with worse diastolic relaxation velocities, as well as higher filling pressures, and an increased risk of adverse events.883–885,887–890Clinical assessment alone may under-estimate the proportion of patients with obstructive or non-obstructive CAD, which can be found in up to 81% of HFpEF patients.887Under-estimation of obstructive CAD leads to failure in identifying those patients who may benefit from revascularization.""}"
123,53,489,147,INDICATES,,"{""knowledge_source"": ""2024 ESC CCS Guidelines"", ""source_sentences"": ""Through the intravenous (i.v.) injection of contrast agent, CCTA allows direct anatomical visualization of the coronary artery lumen and wall.""}"
125,14,497,21,CAUSES,,"{""knowledge_source"": ""2024 ESC CCS Guidelines"", ""source_sentences"": ""Through the intravenous (i.v.) injection of contrast agent, CCTA allows direct anatomical visualization of the coronary artery lumen and wall.""}"
129,14,523,21,ASSOCIATED_WITH,,"{""knowledge_source"": ""2024 ESC CCS Guidelines"", ""source_sentences"": ""Hence, its diagnostic performance for multivessel CAD has improved substantially.261However, non-obstructive coronary atherosclerosis not linked with ischaemia remains undetected by functional testing in general.""}"
131,132,546,547,INDICATES,,"{""knowledge_source"": ""2024 ESC CCS Guidelines"", ""source_sentences"": ""Invasive coronary angiography with available coronary pressure assessment49,308–311,313is indicated in patients with a very high (>85%) clinical likelihood of obstructive CAD,1in particular those with severe symptoms refractory to antianginal treatment, or characteristic angina or dyspnoea at a low level of exercise1,47or left ventricle dysfunction suggesting extensive obstructive CAD.47,182,314,315\nInvasive coronary angiography/coronary pressure assessment is also indicated if non-invasive assessment suggests high event risk—e.g. CCTA shows ≥50% left main stenosis, or ≥70% proximal LAD stenosis with single or two-vessel CAD, or ≥70% proximal three-vessel CAD56,182,316,317—or when any stress test shows moderate to severe inducible ischaemia316or when symptoms are highly suggestive for obstructive CAD.""}"
133,53,550,147,INDICATES,,"{""knowledge_source"": ""2024 ESC CCS Guidelines"", ""source_sentences"": ""Invasive coronary angiography with available coronary pressure assessment49,308–311,313is indicated in patients with a very high (>85%) clinical likelihood of obstructive CAD,1in particular those with severe symptoms refractory to antianginal treatment, or characteristic angina or dyspnoea at a low level of exercise1,47or left ventricle dysfunction suggesting extensive obstructive CAD.47,182,314,315\nInvasive coronary angiography/coronary pressure assessment is also indicated if non-invasive assessment suggests high event risk—e.g. CCTA shows ≥50% left main stenosis, or ≥70% proximal LAD stenosis with single or two-vessel CAD, or ≥70% proximal three-vessel CAD56,182,316,317—or when any stress test shows moderate to severe inducible ischaemia316or when symptoms are highly suggestive for obstructive CAD.""}"
145,5,615,10,ASSOCIATED_WITH,,"{""knowledge_source"": ""2024 ESC CCS Guidelines"", ""source_sentences"": ""Chronic coronary syndromes can be complicated by cardiovascular death, ischaemic and haemorrhagic events, HF, arrhythmic events, the development of valvular heart disease, and other comorbidities, which are further discussed in theSupplementary data, available atEuropean Heart Journalonline.""}"
145,77,615,265,ASSOCIATED_WITH,,"{""knowledge_source"": ""2024 ESC CCS Guidelines"", ""source_sentences"": ""Chronic coronary syndromes can be complicated by cardiovascular death, ischaemic and haemorrhagic events, HF, arrhythmic events, the development of valvular heart disease, and other comorbidities, which are further discussed in theSupplementary data, available atEuropean Heart Journalonline.""}"
145,1,615,5,ASSOCIATED_WITH,,"{""knowledge_source"": ""2024 ESC CCS Guidelines"", ""source_sentences"": ""Chronic coronary syndromes can be complicated by cardiovascular death, ischaemic and haemorrhagic events, HF, arrhythmic events, the development of valvular heart disease, and other comorbidities, which are further discussed in theSupplementary data, available atEuropean Heart Journalonline.""}"
147,53,622,147,INDICATES,,"{""knowledge_source"": ""2024 ESC CCS Guidelines"", ""source_sentences"": ""The ISCHEMIA trial using a cut-off of 70% stenosis on CCTA317confirms the very old observations of the Coronary Artery Surgery Study182that the prognosis of obstructive CAD-related CCS is mainly determined by the number of >70% obstructed coronary arteries or by the presence of a left main stenosis (using for the latter a cut-off of >50% diameter stenosis on coronary angiography).317More recently, the classical paradigm that the severity of stenoses and the number of diseased vessels are the main determinants of prognosis has been challenged bypost hocanalyses of the SCOT-HEART trial and other CCTA-based registries showing that plaque burden and presence of adverse plaque characteristics, especially low-attenuation plaque, are the strongest predictors of fatal and non-fatal MI above the classical risk factors, including stenosis severity.210,415–417These findings emphasize a major advantage of anatomical imaging by CCTA as an initial test in selected patients, allowing the assessment of severity and extent of obstructive CAD as well as coronary plaque characteristics.""}"
148,149,624,625,ASSOCIATED_WITH,,"{""knowledge_source"": ""2024 ESC CCS Guidelines"", ""source_sentences"": ""The ISCHEMIA trial using a cut-off of 70% stenosis on CCTA317confirms the very old observations of the Coronary Artery Surgery Study182that the prognosis of obstructive CAD-related CCS is mainly determined by the number of >70% obstructed coronary arteries or by the presence of a left main stenosis (using for the latter a cut-off of >50% diameter stenosis on coronary angiography).317More recently, the classical paradigm that the severity of stenoses and the number of diseased vessels are the main determinants of prognosis has been challenged bypost hocanalyses of the SCOT-HEART trial and other CCTA-based registries showing that plaque burden and presence of adverse plaque characteristics, especially low-attenuation plaque, are the strongest predictors of fatal and non-fatal MI above the classical risk factors, including stenosis severity.210,415–417These findings emphasize a major advantage of anatomical imaging by CCTA as an initial test in selected patients, allowing the assessment of severity and extent of obstructive CAD as well as coronary plaque characteristics.""}"
151,1,632,5,ASSOCIATED_WITH,,"{""knowledge_source"": ""2024 ESC CCS Guidelines"", ""source_sentences"": ""While FFR of ≤0.8 and iFR of ≤0.89 have been associated with a higher risk of vessel-related cardiovascular events, it is important to remember that a lower FFR/iFR reflects more profound ischaemia in the vessel territory and is associated with a progressive and proportional increase in risk.318,319A similar observation has been made with FFR-CT.401It has also been shown that for any given FFR value, a more proximal lesion is associated with more extensive ischaemia and an increased risk of a clinical event.429In addition, global FFR, summing the coronary pressure collected in each of the three main coronary vessel territories as a single patient-related index (normal value of global FFR = 1 + 1 + 1 = 3), can appreciate overall cardiovascular risk; patients with a borderline FFR but with a global FFR of <2.72 showed a significantly increased risk compared with higher global-FFR patients.430,431One of the main limitations of such a global integrative approach based on invasive coronary pressure is that it requires advancing a pressure wire in each of the three coronary arteries, which is not often performed341and is not recommended as a routine, based on the RIPCORD2347and FUTURE results.346Recent methods using 3-dimensional image reconstruction and computational fluid dynamics enable FFR estimation with CCTA432or with 'wire-less' invasive coronary angiography.433,434This allows a less invasive, easier and more accurate global FFR calculation, provided imaging is of sufficiently good quality.369–371\nIn summary, when assessing event risk, clinicians should choose an integrative approach, considering risk factors, comorbidities, LV dysfunction, the severity of myocardial ischaemia, the number of functionally significantly stenotic coronary arteries, and the coronary plaque burden and characteristics, as all of these are likely interrelated factors that affect overall prognosis.""}"
153,202,637,798,ASSOCIATED_WITH,,"{""source_sentences"": ""Prior MI and ischaemic aetiology are negative prognostic markers in patients with advanced HF,1205as well as in those with secondary mitral regurgitation.1206Specific treatments need to be considered in these patients regardless of HF aetiology (i.e. ischaemic).526Advanced HF treatments include: high diuretic doses; a combination of diuretics and renal replacement therapy to treat congestion; inotropic and vasopressor agents to reduce hypoperfusion; and mechanical circulatory support in selected patients with severe symptoms or exercise intolerance, despite optimal medical therapies, and without right ventricular dysfunction.""}"
153,154,637,638,ASSOCIATED_WITH,,"{""knowledge_source"": ""2024 ESC CCS Guidelines"", ""source_sentences"": ""About half of acute and chronic HF patients have an ischaemic aetiology.880,881Over the last decades, the proportion of ischaemic HFrEF has decreased while that of HFpEF, defined according to the 2021 ESC Guidelines for the diagnosis and treatment of acute and chronic heart failure,526has increased.882The evaluation of inducible ischaemia is important in patients with HF, given the high prevalence of CAD.883–885Moreover, patients with HFpEF may present MVA due to CMD.886Indeed, CMD was observed in up to 75% of patients with HFpEF and was associated with worse diastolic relaxation velocities, as well as higher filling pressures, and an increased risk of adverse events.883–885,887–890Clinical assessment alone may under-estimate the proportion of patients with obstructive or non-obstructive CAD, which can be found in up to 81% of HFpEF patients.887Under-estimation of obstructive CAD leads to failure in identifying those patients who may benefit from revascularization.""}"
169,186,687,747,CAUSES,,"{""knowledge_source"": ""2024 ESC CCS Guidelines"", ""source_sentences"": ""Failure to diagnose epicardial obstructive CAD in a patient with documented ischaemia should stimulate a subsequent search pathway to elucidate ANOCA/INOCA endotypes.""}"
172,230,696,1127,HAS_ONTOLOGY,,{}
179,12,737,19,CAUSES,,"{""knowledge_source"": ""2024 ESC CCS Guidelines"", ""source_sentences"": ""Microvascular angina is the clinical manifestation of myocardial ischaemia caused by structural or functional changes in the coronary microvasculature (leading to impaired CFR and/or reduced microcirculatory conductance) and/or abnormal vasoconstriction of coronary arterioles (causing dynamic arteriolar obstruction).932,933Both vascular dysfunction mechanisms may co-exist and contribute to MVA.""}"
180,12,738,19,CAUSES,,"{""knowledge_source"": ""2024 ESC CCS Guidelines"", ""source_sentences"": ""Microvascular angina is the clinical manifestation of myocardial ischaemia caused by structural or functional changes in the coronary microvasculature (leading to impaired CFR and/or reduced microcirculatory conductance) and/or abnormal vasoconstriction of coronary arterioles (causing dynamic arteriolar obstruction).932,933Both vascular dysfunction mechanisms may co-exist and contribute to MVA.""}"
181,88,739,328,ASSOCIATED_WITH,,"{""knowledge_source"": ""2024 ESC CCS Guidelines"", ""source_sentences"": ""The prevalence of MVA was 26% in a study of patients with non-obstructive CAD who had a CFVR below 2 when assessed by transthoracic Doppler echocardiography.934Studies assessing CMD invasively or by PET with different cut-offs have found that 39% to 54% had CMD.935,936The threshold for CMD varies between studies and depending on the techniques used (PET, CMR, thermodilution, or Doppler); the threshold is a CFR of <2.0–2.5.36,39A thermodilution CFR of <2.0 has low sensitivity for identifying CMD, but using the same threshold as for Doppler (<2.5) results in reasonable diagnostic accuracy.937\nSmoking, age, diabetes, hypertension, and dyslipidaemia are associated with CMD.934,935,938Other studies have shown that diabetes was uncommon among patients with angina and non-obstructive CAD, while hypertension and dyslipidaemia were relatively more prevalent.939,940Inflammatory conditions such as systemic lupus erythematosus (SLE) and rheumatoid arthritis appear to be associated with MVA and are not infrequently encountered in patients with angina.941Inflammatory diseases occur more often in women after menopause than in men, which may contribute to the sex differences in MVA.942–944Last, but not least, there is increasing evidence that psychosocial stress is involved in coronary vasomotor disorders.945,946""}"
182,88,740,328,ASSOCIATED_WITH,,"{""knowledge_source"": ""2024 ESC CCS Guidelines"", ""source_sentences"": ""The prevalence of MVA was 26% in a study of patients with non-obstructive CAD who had a CFVR below 2 when assessed by transthoracic Doppler echocardiography.934Studies assessing CMD invasively or by PET with different cut-offs have found that 39% to 54% had CMD.935,936The threshold for CMD varies between studies and depending on the techniques used (PET, CMR, thermodilution, or Doppler); the threshold is a CFR of <2.0–2.5.36,39A thermodilution CFR of <2.0 has low sensitivity for identifying CMD, but using the same threshold as for Doppler (<2.5) results in reasonable diagnostic accuracy.937\nSmoking, age, diabetes, hypertension, and dyslipidaemia are associated with CMD.934,935,938Other studies have shown that diabetes was uncommon among patients with angina and non-obstructive CAD, while hypertension and dyslipidaemia were relatively more prevalent.939,940Inflammatory conditions such as systemic lupus erythematosus (SLE) and rheumatoid arthritis appear to be associated with MVA and are not infrequently encountered in patients with angina.941Inflammatory diseases occur more often in women after menopause than in men, which may contribute to the sex differences in MVA.942–944Last, but not least, there is increasing evidence that psychosocial stress is involved in coronary vasomotor disorders.945,946""}"
191,5,767,10,CAUSES,,"{""knowledge_source"": ""2024 ESC CCS Guidelines"", ""source_sentences"": ""Ischaemic heart disease is the leading cause of mortality for women, yet they have been historically underrepresented in RCTs.1011–1013Differences in symptom presentation, in the accuracy of diagnostic tests for obstructive CAD, and other factors that lead to differential triage, evaluation, or early treatment of women with myocardial ischaemia compared with men could contribute to unfavourable outcomes.""}"
191,5,767,10,ASSOCIATED_WITH,,"{""knowledge_source"": ""2024 ESC CCS Guidelines"", ""source_sentences"": ""Between 2015 and 2050, the proportion of the world’s population aged >60 years is set to nearly double to 22%.""}"
192,5,768,10,CAUSES,,"{""knowledge_source"": ""2024 ESC CCS Guidelines"", ""source_sentences"": ""Ischaemic heart disease is the leading cause of mortality for women, yet they have been historically underrepresented in RCTs.1011–1013Differences in symptom presentation, in the accuracy of diagnostic tests for obstructive CAD, and other factors that lead to differential triage, evaluation, or early treatment of women with myocardial ischaemia compared with men could contribute to unfavourable outcomes.""}"
192,5,768,10,ASSOCIATED_WITH,,"{""knowledge_source"": ""2024 ESC CCS Guidelines"", ""source_sentences"": ""Between 2015 and 2050, the proportion of the world’s population aged >60 years is set to nearly double to 22%.""}"
194,5,779,10,CAUSES,,"{""knowledge_source"": ""2024 ESC CCS Guidelines"", ""source_sentences"": ""Ageing predisposes patients to a high incidence and prevalence of CAD, in both men and women.""}"
195,196,780,781,INDICATES,,"{""knowledge_source"": ""2024 ESC CCS Guidelines"", ""source_sentences"": ""Typically, in the context of CVD, older patients are defined as those ≥75 years of age;1it should be noted, however, that such age cut-offs are relatively arbitrary, and biological age influences this threshold in clinical practice.""}"
200,238,791,1135,HAS_ONTOLOGY,,{}
202,217,798,863,CAUSES,,"{""knowledge_source"": ""2024 ESC CCS Guidelines"", ""source_sentences"": ""Invasive coronary angiography is recommended in patients with secondary mitral regurgitation as this condition is frequently due to ischaemic LV dysfunction.1068Routine stress testing to detect CAD associated with severe symptomatic valvular heart disease is not recommended because of low diagnostic value and potential risk.""}"
210,198,811,784,ASSOCIATED_WITH,,"{""knowledge_source"": ""2024 ESC CCS Guidelines"", ""source_sentences"": ""The approach should be individualized and based on life expectancy, additional comorbidities such as thrombocytopaenia, increased thrombosis, or bleeding risk, and potential interactions between drugs used in CCS management and anticancer therapy.1078,1079\nPatients with human immunodeficiency virus (HIV) have longer life expectancy than before due to effective antiretroviral therapy (ART), but are twice as likely to develop CVD compared with the general population.1080The long-term CVD outcomes in patients with HIV may change, given the relatively recent epidemiological transition of HIV to a chronic disease.""}"
211,5,825,10,CAUSES,,"{""knowledge_source"": ""2024 ESC CCS Guidelines"", ""source_sentences"": ""Although the current evidence on the role of coronary vessel size remains inconsistent, smaller diameters in South Asians could play a potential role in the higher disease prevalence.1092Individuals of South Asian descent have a high prevalence of CYP2C19 loss-of-function alleles (poor metabolizers: 13% vs. 2.4% in European populations),1093which are associated with reduced efficacy of clopidogrel.""}"
212,5,827,10,AFFECTS,,"{""knowledge_source"": ""2024 ESC CCS Guidelines"", ""source_sentences"": ""Despite a similar coronary calcification burden, higher non-calcified plaque contribution, elevated thrombosis, and inflammatory markers likely contribute to the disease pattern.""}"
214,5,846,10,CAUSES,,"{""knowledge_source"": ""2024 ESC CCS Guidelines"", ""source_sentences"": ""Ischaemic heart disease is the leading cause of mortality for women, yet they have been historically underrepresented in RCTs.1011–1013Differences in symptom presentation, in the accuracy of diagnostic tests for obstructive CAD, and other factors that lead to differential triage, evaluation, or early treatment of women with myocardial ischaemia compared with men could contribute to unfavourable outcomes.""}"
216,198,857,784,ASSOCIATED_WITH,,"{""knowledge_source"": ""2024 ESC CCS Guidelines"", ""source_sentences"": ""Patients with inflammatory rheumatic diseases have an increased risk of CVD compared with the general population.1033,1034Accumulating evidence has shown elevated cardiovascular morbidity and mortality in other rheumatic and musculoskeletal diseases, including gout, vasculitis, systemic sclerosis, myositis, mixed connective tissue disease, Sjögren syndrome, SLE, and the antiphospholipid syndrome.1035–1044\nSome of these patient categories have two- to three-fold higher prevalences of asymptomatic ASCVD compared with the general population,1045–1051which is linked to ASCVD outcomes.1049,1052–1054Thus, identification of ASCVD such as carotid artery plaque(s) may be considered in ASCVD and CAD risk evaluation.1050,1055–1057\nIn patients with inflammatory rheumatic diseases and CCS, CVD preventive medications such as lipid-lowering medications and antihypertensive treatment should be used as in the general population.1058–1062""}"
216,211,857,825,ASSOCIATED_WITH,,"{""knowledge_source"": ""2024 ESC CCS Guidelines"", ""source_sentences"": ""Patients with inflammatory rheumatic diseases have an increased risk of CVD compared with the general population.1033,1034Accumulating evidence has shown elevated cardiovascular morbidity and mortality in other rheumatic and musculoskeletal diseases, including gout, vasculitis, systemic sclerosis, myositis, mixed connective tissue disease, Sjögren syndrome, SLE, and the antiphospholipid syndrome.1035–1044\nSome of these patient categories have two- to three-fold higher prevalences of asymptomatic ASCVD compared with the general population,1045–1051which is linked to ASCVD outcomes.1049,1052–1054Thus, identification of ASCVD such as carotid artery plaque(s) may be considered in ASCVD and CAD risk evaluation.1050,1055–1057\nIn patients with inflammatory rheumatic diseases and CCS, CVD preventive medications such as lipid-lowering medications and antihypertensive treatment should be used as in the general population.1058–1062""}"
221,1,880,5,ASSOCIATED_WITH,,"{""knowledge_source"": ""2024 ESC CCS Guidelines"", ""source_sentences"": ""Obstructive coronary stenosis was present in 5% of participants.""}"
223,286,1120,1183,HAS_CHILD,,{}
223,290,1120,1187,HAS_CHILD,,{}
223,276,1120,1173,HAS_CHILD,,{}
223,288,1120,1185,HAS_CHILD,,{}
223,327,1120,1224,HAS_CHILD,,{}
223,272,1120,1169,HAS_CHILD,,{}
223,325,1120,1222,HAS_CHILD,,{}
223,261,1120,1158,HAS_CHILD,,{}
223,316,1120,1213,HAS_CHILD,,{}
223,321,1120,1218,HAS_CHILD,,{}
223,306,1120,1203,HAS_CHILD,,{}
223,338,1120,1235,HAS_CHILD,,{}
223,252,1120,1149,HAS_CHILD,,{}
223,342,1120,1239,HAS_CHILD,,{}
223,369,1120,1266,HAS_CHILD,,{}
223,293,1120,1190,HAS_CHILD,,{}
223,266,1120,1163,HAS_CHILD,,{}
223,303,1120,1200,HAS_CHILD,,{}
223,250,1120,1147,HAS_CHILD,,{}
223,324,1120,1221,HAS_CHILD,,{}
223,224,1120,1121,HAS_CHILD,,{}
223,264,1120,1161,HAS_CHILD,,{}
223,347,1120,1244,HAS_CHILD,,{}
223,289,1120,1186,HAS_CHILD,,{}
223,322,1120,1219,HAS_CHILD,,{}
223,319,1120,1216,HAS_CHILD,,{}
223,298,1120,1195,HAS_CHILD,,{}
223,310,1120,1207,HAS_CHILD,,{}
224,241,1121,1138,HAS_CHILD,,{}
224,251,1121,1148,HAS_CHILD,,{}
224,331,1121,1228,HAS_CHILD,,{}
224,265,1121,1162,HAS_CHILD,,{}
224,244,1121,1141,HAS_CHILD,,{}
224,333,1121,1230,HAS_CHILD,,{}
224,328,1121,1225,HAS_CHILD,,{}
224,318,1121,1215,HAS_CHILD,,{}
224,315,1121,1212,HAS_CHILD,,{}
224,269,1121,1166,HAS_CHILD,,{}
224,243,1121,1140,HAS_CHILD,,{}
224,246,1121,1143,HAS_CHILD,,{}
224,225,1121,1122,HAS_CHILD,,{}
224,360,1121,1257,HAS_CHILD,,{}
224,326,1121,1223,HAS_CHILD,,{}
224,267,1121,1164,HAS_CHILD,,{}
224,297,1121,1194,HAS_CHILD,,{}
224,237,1121,1134,HAS_CHILD,,{}
224,259,1121,1156,HAS_CHILD,,{}
224,242,1121,1139,HAS_CHILD,,{}
224,302,1121,1199,HAS_CHILD,,{}
225,226,1122,1123,HAS_CHILD,,{}
225,233,1122,1130,HAS_CHILD,,{}
226,227,1123,1124,HAS_CHILD,,{}
226,232,1123,1129,HAS_CHILD,,{}
227,230,1124,1127,HAS_CHILD,,{}
227,231,1124,1128,HAS_CHILD,,{}
227,229,1124,1126,HAS_CHILD,,{}
227,228,1124,1125,HAS_CHILD,,{}
232,341,1129,1238,HAS_CHILD,,{}
232,307,1129,1204,HAS_CHILD,,{}
232,257,1129,1154,HAS_CHILD,,{}
233,235,1130,1132,HAS_CHILD,,{}
233,234,1130,1131,HAS_CHILD,,{}
233,236,1130,1133,HAS_CHILD,,{}
237,239,1134,1136,HAS_CHILD,,{}
237,240,1134,1137,HAS_CHILD,,{}
237,238,1134,1135,HAS_CHILD,,{}
237,309,1134,1206,HAS_CHILD,,{}
242,284,1139,1181,HAS_CHILD,,{}
242,304,1139,1201,HAS_CHILD,,{}
242,336,1139,1233,HAS_CHILD,,{}
242,312,1139,1209,HAS_CHILD,,{}
242,247,1139,1144,HAS_CHILD,,{}
242,262,1139,1159,HAS_CHILD,,{}
242,314,1139,1211,HAS_CHILD,,{}
242,359,1139,1256,HAS_CHILD,,{}
243,263,1140,1160,HAS_CHILD,,{}
243,249,1140,1146,HAS_CHILD,,{}
243,356,1140,1253,HAS_CHILD,,{}
243,345,1140,1242,HAS_CHILD,,{}
243,368,1140,1265,HAS_CHILD,,{}
243,332,1140,1229,HAS_CHILD,,{}
243,282,1140,1179,HAS_CHILD,,{}
243,351,1140,1248,HAS_CHILD,,{}
243,300,1140,1197,HAS_CHILD,,{}
243,349,1140,1246,HAS_CHILD,,{}
243,283,1140,1180,HAS_CHILD,,{}
243,285,1140,1182,HAS_CHILD,,{}
244,245,1141,1142,HAS_CHILD,,{}
244,260,1141,1157,HAS_CHILD,,{}
245,295,1142,1192,HAS_CHILD,,{}
245,248,1142,1145,HAS_CHILD,,{}
245,271,1142,1168,HAS_CHILD,,{}
245,335,1142,1232,HAS_CHILD,,{}
245,255,1142,1152,HAS_CHILD,,{}
245,344,1142,1241,HAS_CHILD,,{}
245,354,1142,1251,HAS_CHILD,,{}
245,329,1142,1226,HAS_CHILD,,{}
245,317,1142,1214,HAS_CHILD,,{}
245,311,1142,1208,HAS_CHILD,,{}
245,353,1142,1250,HAS_CHILD,,{}
245,343,1142,1240,HAS_CHILD,,{}
245,256,1142,1153,HAS_CHILD,,{}
245,334,1142,1231,HAS_CHILD,,{}
245,350,1142,1247,HAS_CHILD,,{}
246,274,1143,1171,HAS_CHILD,,{}
246,275,1143,1172,HAS_CHILD,,{}
246,273,1143,1170,HAS_CHILD,,{}
246,363,1143,1260,HAS_CHILD,,{}
248,296,1145,1193,HAS_CHILD,,{}
248,291,1145,1188,HAS_CHILD,,{}
248,258,1145,1155,HAS_CHILD,,{}
263,268,1160,1165,HAS_CHILD,,{}
269,292,1166,1189,HAS_CHILD,,{}
269,301,1166,1198,HAS_CHILD,,{}
269,294,1166,1191,HAS_CHILD,,{}
269,299,1166,1196,HAS_CHILD,,{}
269,320,1166,1217,HAS_CHILD,,{}
269,330,1166,1227,HAS_CHILD,,{}
272,287,1169,1184,HAS_CHILD,,{}
272,278,1169,1175,HAS_CHILD,,{}
272,370,1169,1267,HAS_CHILD,,{}
288,358,1185,1255,HAS_CHILD,,{}
288,357,1185,1254,HAS_CHILD,,{}
293,313,1190,1210,HAS_CHILD,,{}
299,367,1196,1264,HAS_CHILD,,{}
306,355,1203,1252,HAS_CHILD,,{}
306,323,1203,1220,HAS_CHILD,,{}
306,308,1203,1205,HAS_CHILD,,{}
315,337,1212,1234,HAS_CHILD,,{}
322,361,1219,1258,HAS_CHILD,,{}
323,339,1220,1236,HAS_CHILD,,{}
323,340,1220,1237,HAS_CHILD,,{}
361,366,1258,1263,HAS_CHILD,,{}
361,362,1258,1259,HAS_CHILD,,{}
361,364,1258,1261,HAS_CHILD,,{}
364,365,1261,1262,HAS_CHILD,,{}
372,14,1604,21,MAPPED_TO,,"{""reason"": ""Both N0 and N1 refer to the same clinical concept of ischemia."", ""sim_score"": 0.9348755478858948}"
373,6,1607,13,MAPPED_TO,,"{""reason"": ""Myocardial injury/ischemia can refer to transient myocardial ischemia, which is a specific form of myocardial ischemia."", ""sim_score"": 0.7020973563194275}"
373,1,1607,5,MAPPED_TO,,"{""reason"": ""Myocardial injury/ischemia is a general term that includes myocardial ischemic disease."", ""sim_score"": 0.7220814824104309}"
374,226,1610,1123,HAS_ONTOLOGY,,"{""reason"": ""It matches closely with the condition of anterior myocardial infarction.""}"
377,376,1616,1612,MAPPED_TO,,"{""reason"": ""Both refer to the same clinical condition regarding myocardial risk."", ""sim_score"": 0.7217340469360352}"
378,374,1620,1610,MAPPED_TO,,"{""reason"": ""Both terms refer to the same clinical concept of myocardial infarction affecting the anterior wall."", ""sim_score"": 0.8655357956886292}"
379,308,1622,1205,HAS_ONTOLOGY,,"{""reason"": ""Proximal lesion in the left anterior descending coronary artery is a type of disease related to proximal lesions in coronary arteries.""}"
379,101,1622,374,IS_A,,"{""reason"": ""N0 refers to a specific lesion type within the broader category of lesions in the left main or proximal LAD."", ""sim_score"": 0.7238625288009644}"
379,375,1622,1611,IS_A,,"{""reason"": ""N0 describes a specific type of occlusion in the left anterior descending artery, which makes it a subtype of the more general condition."", ""sim_score"": 0.7679077982902527}"
380,378,1626,1620,IS_A,,"{""reason"": ""Inferior wall myocardial infarction is a specific type of myocardial infarction, while anterior wall myocardial infarction is another specific type."", ""sim_score"": 0.7919752597808838}"
381,380,1628,1626,IS_A,,"{""reason"": ""N0 specifies a particular cause of inferior wall myocardial infarction."", ""sim_score"": 0.8032286763191223}"
382,380,1631,1626,IS_A,,"{""reason"": ""N0 is a specific instance of inferior wall myocardial infarction, making it a subtype."", ""sim_score"": 0.8117457628250122}"
384,382,1639,1631,IS_A,,"{""reason"": ""Circumflex coronary artery occlusion is a specific cause of inferior wall myocardial infarction."", ""sim_score"": 0.7276308536529541}"
386,383,1645,1633,MAPPED_TO,,"{""reason"": ""N0 and N1 refer to the same clinical concept of myocardial infarction affecting the posterior wall."", ""sim_score"": 0.8654484748840332}"
387,386,1647,1645,MAPPED_TO,,"{""reason"": ""Both terms refer to the same clinical condition involving the heart."", ""sim_score"": 0.7195825576782227}"
388,246,1649,1143,HAS_ONTOLOGY,,"{""reason"": ""Diffuse ischemia of the left ventricle is a form of ischemic left ventricular dysfunction.""}"
390,389,1652,1651,MAPPED_TO,,"{""reason"": ""Both refer to the same clinical concept of left main artery blockage."", ""sim_score"": 0.7426682710647583}"
391,390,1653,1652,MAPPED_TO,,"{""reason"": ""The two expressions refer to the same clinical concept of left main artery occlusion."", ""sim_score"": 0.7393966913223267}"
391,389,1653,1651,MAPPED_TO,,"{""reason"": ""Both terms refer to the same clinical condition involving occlusion of the left main artery."", ""sim_score"": 0.9338369369506836}"
392,373,1655,1607,MAPPED_TO,,"{""reason"": ""Both terms refer to the same clinical concept of myocardial ischemia/infarction."", ""sim_score"": 0.8083826899528503}"
393,378,1660,1620,MAPPED_TO,,"{""reason"": ""Anterior wall myocardial infarction is synonymous with anterior myocardial infarction."", ""sim_score"": 0.7737442255020142}"
393,374,1660,1610,MAPPED_TO,,"{""reason"": ""Both refer to the same condition, anterior myocardial infarction."", ""sim_score"": 0.797199547290802}"
395,277,1666,1174,HAS_ONTOLOGY,,"{""reason"": ""Complete coronary artery occlusion is a severe condition typically classified under obstructive coronary artery disease.""}"
395,53,1666,147,IS_A,,"{""reason"": ""Complete coronary artery occlusion is a specific type of obstructive coronary artery disease."", ""sim_score"": 0.7185896039009094}"
396,385,1670,1641,IS_A,,"{""reason"": ""Right ventricle involvement is a broader concept that can include right ventricular infarction as a specific case."", ""sim_score"": 0.7100914716720581}"
401,379,1682,1622,IS_A,,"{""reason"": ""The specific case of 'proximal lesion in the left anterior descending coronary artery' is a subtype of 'proximal lesion'."", ""sim_score"": 0.7411279082298279}"
401,125,1682,497,MAPPED_TO,,"{""reason"": ""Both refer to the same clinical concept 'proximal lesion'."", ""sim_score"": 0.8064800500869751}"
401,151,1682,632,MAPPED_TO,,"{""reason"": ""Both represent the same clinical concept 'proximal lesion'."", ""sim_score"": 0.9122348427772522}"
402,390,1686,1652,MAPPED_TO,,"{""reason"": ""Left main coronary artery involvement and left main occlusion/ischemia refer to the same concept regarding blockage or ischemia in the left main coronary artery."", ""sim_score"": 0.7261415123939514}"
402,389,1686,1651,MAPPED_TO,,"{""reason"": ""Left main coronary artery involvement is synonymous with occlusion of the left main coronary artery as both refer to the same anatomical structure and pathology."", ""sim_score"": 0.7285552620887756}"
403,373,1688,1607,MAPPED_TO,,"{""reason"": ""Both terms describe a similar condition related to myocardial ischemia."", ""sim_score"": 0.7103086709976196}"
403,392,1688,1655,MAPPED_TO,,"{""reason"": ""Both terms refer to the same medical condition involving reduced blood flow to the heart."", ""sim_score"": 0.7292457222938538}"
404,227,1689,1124,HAS_ONTOLOGY,,"{""reason"": ""ST elevation myocardial infarction is a disease classification.""}"
406,400,1696,1679,MAPPED_TO,,"{""reason"": ""lateral infarction is a specific type of lateral wall myocardial infarction"", ""sim_score"": 0.800412118434906}"
407,381,1699,1628,IS_A,,"{""reason"": ""Inferior wall myocardial infarction due to occlusion of the right coronary artery is a specific instance of a condition caused by right coronary artery occlusion."", ""sim_score"": 0.7056560516357422}"
407,405,1699,1693,MAPPED_TO,,"{""reason"": ""Occlusion in the right coronary artery is synonymous with right coronary artery occlusion."", ""sim_score"": 0.7590081691741943}"
407,398,1699,1676,MAPPED_TO,,"{""reason"": ""Right coronary artery involvement is a synonym for right coronary artery occlusion."", ""sim_score"": 0.7937580347061157}"
408,373,1701,1607,MAPPED_TO,,"{""reason"": ""Both refer to the same underlying condition related to heart muscle damage."", ""sim_score"": 0.9083867073059082}"
409,372,1704,1604,MAPPED_TO,,"{""reason"": ""Ischemia is a general term that encompasses myocardial ischemia."", ""sim_score"": 0.731736421585083}"
409,1,1704,5,MAPPED_TO,,"{""reason"": ""Refers to the same concept using a different naming convention."", ""sim_score"": 0.7549017667770386}"
409,408,1704,1701,IS_A,,"{""reason"": ""Myocardial injury is a broader category that includes myocardial ischemia."", ""sim_score"": 0.7895296216011047}"
409,403,1704,1688,MAPPED_TO,,"{""reason"": ""Describes a specific case of myocardial ischemia, still within the same concept."", ""sim_score"": 0.805144190788269}"
409,373,1704,1607,MAPPED_TO,,"{""reason"": ""The terms are synonymous in describing a similar clinical concept."", ""sim_score"": 0.851967453956604}"
409,392,1704,1655,MAPPED_TO,,"{""reason"": ""Both refer to the same clinical condition with slight variations in wording."", ""sim_score"": 0.8598549365997314}"
410,392,1705,1655,MAPPED_TO,,"{""reason"": ""Both terms refer to the concept of myocardial infarction."", ""sim_score"": 0.8459989428520203}"
410,172,1705,696,MAPPED_TO,,"{""reason"": ""Acute Myocardial Infarction is a specific type of myocardial infarction."", ""sim_score"": 0.7561070322990417}"
410,33,1705,60,MAPPED_TO,,"{""reason"": ""Acute Myocardial Infarction is another term for the same condition."", ""sim_score"": 0.7561070322990417}"
410,380,1705,1626,IS_A,,"{""reason"": ""Inferior wall myocardial infarction is a specific type of myocardial infarction."", ""sim_score"": 0.7355719804763794}"
410,383,1705,1633,IS_A,,"{""reason"": ""Posterior myocardial infarction is a specific type of myocardial infarction."", ""sim_score"": 0.7065079808235168}"
410,378,1705,1620,IS_A,,"{""reason"": ""Anterior wall myocardial infarction is a specific type of myocardial infarction."", ""sim_score"": 0.7065777778625488}"
410,374,1705,1610,IS_A,,"{""reason"": ""Anterior myocardial infarction is a specific type of myocardial infarction."", ""sim_score"": 0.7268933653831482}"
411,409,1706,1704,IS_A,,"{""reason"": ""N0 is a more general term that includes N1."", ""sim_score"": 0.8644937872886658}"
411,392,1706,1655,MAPPED_TO,,"{""reason"": ""N0 and N1 refer to the same clinical concept."", ""sim_score"": 0.87625652551651}"
411,410,1706,1705,MAPPED_TO,,"{""reason"": ""N0 and N1 refer to the same clinical concept."", ""sim_score"": 0.8848035335540771}"
412,394,1713,1665,IS_A,,"{""reason"": ""'Old infarction' is a type of infarction, making 'infarction phase' a more specific concept."", ""sim_score"": 0.7181786298751831}"
414,411,1727,1706,MAPPED_TO,,"{""reason"": ""Both refer to myocardial ischemia or infarction, indicating the same clinical concept."", ""sim_score"": 0.7023226022720337}"
414,14,1727,21,MAPPED_TO,,"{""reason"": ""Refers to ischemia, same concept as N0 with different casing."", ""sim_score"": 0.7661000490188599}"
414,372,1727,1604,MAPPED_TO,,"{""reason"": ""Refers to ischemia, which is a broader term but aligns with N0."", ""sim_score"": 0.8170211315155029}"
414,392,1727,1655,MAPPED_TO,,"{""reason"": ""Both refer to myocardial ischemia/infarction, indicating the same clinical concept."", ""sim_score"": 0.8429082632064819}"
416,38,1733,79,MAPPED_TO,,"{""reason"": ""N0 and N1 refer to the same clinical concept of pericarditis."", ""sim_score"": 0.9456574320793152}"
418,257,1737,1154,HAS_ONTOLOGY,,"{""reason"": ""non-STEMI myocardial infarction is a type of myocardial infarction classified as a disease.""}"
418,78,1737,266,IS_A,,"{""reason"": ""Non-STEMI myocardial infarction is a specific type of myocardial infarction, which is a broader term that includes non-fatal myocardial infarction."", ""sim_score"": 0.7401360273361206}"
419,384,1741,1639,MAPPED_TO,,"{""reason"": ""Both refer to the same medical condition involving the circumflex coronary artery."", ""sim_score"": 0.7810496091842651}"
