src,dst,src_neo4j_id,dst_neo4j_id,rel,edge_type,evidence,props_json
0,409,1601,1704,SUPPORTS,SUPPORTS,Notice that the ECG obtained during chest pain also has subtle ST segment depression in V3 –V6.,"{""evidence_text"": ""Notice that the ECG obtained during chest pain also has subtle ST segment depression in V3 –V6."", ""chunk_index"": 1, ""knowledge_source"": ""https://link.springer.com/chapter/10.1007/978-3-030-40341-6_7"", ""section_title"": ""T Wave Inversion and ST Segment Depression"", ""paragraph_index"": 2}"
1,409,1602,1704,SUPPORTS,SUPPORTS,Notice that the ECG obtained during chest pain also has subtle ST segment depression in inferior leads that resolves when the patient’s chest pain resolves.,"{""evidence_text"": ""Notice that the ECG obtained during chest pain also has subtle ST segment depression in inferior leads that resolves when the patient’s chest pain resolves."", ""chunk_index"": 1, ""knowledge_source"": ""https://link.springer.com/chapter/10.1007/978-3-030-40341-6_7"", ""section_title"": ""T Wave Inversion and ST Segment Depression"", ""paragraph_index"": 2}"
2,410,1605,1705,INDICATES,INDICATES,Prominent and deeply inverted T waves can be associated with myocardial infarction.,"{""evidence_text"": ""Prominent and deeply inverted T waves can be associated with myocardial infarction."", ""chunk_index"": 0, ""knowledge_source"": ""https://link.springer.com/chapter/10.1007/978-3-030-40341-6_7"", ""section_title"": ""T Wave Inversion and ST Segment Depression"", ""paragraph_index"": 5}"
2,373,1605,1607,SUPPORTS,SUPPORTS,The general consensus among experts is that deeply inverted T waves in the setting of myocardial injury/ischemia usually suggest the presence of viable myocardium and usually portend a better prognosis.,"{""evidence_text"": ""The general consensus among experts is that deeply inverted T waves in the setting of myocardial injury/ischemia usually suggest the presence of viable myocardium and usually portend a better prognosis."", ""chunk_index"": 0, ""knowledge_source"": ""https://link.springer.com/chapter/10.1007/978-3-030-40341-6_7"", ""section_title"": ""T Wave Inversion and ST Segment Depression"", ""paragraph_index"": 5}"
3,410,1606,1705,IS_SPECIFIC_FOR,IS_SPECIFIC_FOR,deep symmetric T wave inversion in the anterior chest leads (V2 and V3) can be associated with significant narrowing in the left anterior descending artery.,"{""evidence_text"": ""deep symmetric T wave inversion in the anterior chest leads (V2 and V3) can be associated with significant narrowing in the left anterior descending artery."", ""chunk_index"": 0, ""knowledge_source"": ""https://link.springer.com/chapter/10.1007/978-3-030-40341-6_7"", ""section_title"": ""T Wave Inversion and ST Segment Depression"", ""paragraph_index"": 5}"
4,373,1608,1607,SUPPORTS,SUPPORTS,"even prominent T wave inversion can have multiple diverse causes, including pulmonary embolism, antiarrhythmic drug use, and central nervous system injury, and can even be a normal variant.","{""evidence_text"": ""even prominent T wave inversion can have multiple diverse causes, including pulmonary embolism, antiarrhythmic drug use, and central nervous system injury, and can even be a normal variant."", ""chunk_index"": 0, ""knowledge_source"": ""https://link.springer.com/chapter/10.1007/978-3-030-40341-6_7"", ""section_title"": ""T Wave Inversion and ST Segment Depression"", ""paragraph_index"": 5}"
5,410,1609,1705,IS_SPECIFIC_FOR,IS_SPECIFIC_FOR,Normalization of T waves after a myocardial infarction appears to be a marker for improvement in left ventricular function and an indicator of a better prognosis.,"{""evidence_text"": ""Normalization of T waves after a myocardial infarction appears to be a marker for improvement in left ventricular function and an indicator of a better prognosis."", ""chunk_index"": 0, ""knowledge_source"": ""https://link.springer.com/chapter/10.1007/978-3-030-40341-6_7"", ""section_title"": ""T Wave Inversion and ST Segment Depression"", ""paragraph_index"": 6}"
6,410,1613,1705,INDICATES,INDICATES,occlusion of the left anterior descending can be associated with anterior ST segment elevation,"{""evidence_text"": ""occlusion of the left anterior descending can be associated with anterior ST segment elevation"", ""chunk_index"": 0, ""section_title"": ""Anterior Infarction"", ""knowledge_source"": ""https://link.springer.com/chapter/10.1007/978-3-030-40341-6_7"", ""paragraph_index"": 1}"
7,410,1614,1705,INDICATES,INDICATES,Mr. Arbuckle has ST segment elevation in the inferior leads.,"{""evidence_text"": ""Mr. Arbuckle has ST segment elevation in the inferior leads."", ""chunk_index"": 0, ""section_title"": ""Inferior Myocardial Infarction"", ""knowledge_source"": ""https://link.springer.com/chapter/10.1007/978-3-030-40341-6_7"", ""paragraph_index"": 2}"
8,377,1615,1616,SUPPORTS,SUPPORTS,the number of leads that display ST segment elevation provides an estimate for the amount of jeopardized myocardium,"{""evidence_text"": ""the number of leads that display ST segment elevation provides an estimate for the amount of jeopardized myocardium"", ""chunk_index"": 0, ""section_title"": ""Anterior Infarction"", ""knowledge_source"": ""https://link.springer.com/chapter/10.1007/978-3-030-40341-6_7"", ""paragraph_index"": 1}"
9,408,1617,1701,SUPPORTS,SUPPORTS,The absence of accompanying inferior ST segment elevation may be due to associated injury of the inferior wall.,"{""evidence_text"": ""The absence of accompanying inferior ST segment elevation may be due to associated injury of the inferior wall."", ""chunk_index"": 0, ""section_title"": ""Anterior Infarction"", ""knowledge_source"": ""https://link.springer.com/chapter/10.1007/978-3-030-40341-6_7"", ""paragraph_index"": 2}"
10,410,1618,1705,INDICATES,INDICATES,"Compare the reciprocal changes in the inferior leads in the anterior wall myocardial infarctions shown in Figs. 7.12 , 7.13 , and 7.14.","{""evidence_text"": ""Compare the reciprocal changes in the inferior leads in the anterior wall myocardial infarctions shown in Figs. 7.12 , 7.13 , and 7.14."", ""chunk_index"": 0, ""section_title"": ""Anterior Infarction"", ""knowledge_source"": ""https://link.springer.com/chapter/10.1007/978-3-030-40341-6_7"", ""paragraph_index"": 2}"
11,378,1619,1620,INDICATES,INDICATES,Right bundle branch block due to an anterior wall myocardial infarction occurs in approximately 5–10% of anterior wall myocardial infarctions.,"{""evidence_text"": ""Right bundle branch block due to an anterior wall myocardial infarction occurs in approximately 5–10% of anterior wall myocardial infarctions."", ""chunk_index"": 0, ""section_title"": ""Anterior Infarction"", ""knowledge_source"": ""https://link.springer.com/chapter/10.1007/978-3-030-40341-6_7"", ""paragraph_index"": 4}"
11,379,1619,1622,SUPPORTS,SUPPORTS,Right bundle branch block due to an anterior wall myocardial infarction...should arouse suspicion of a proximal lesion in the left anterior descending coronary artery.,"{""evidence_text"": ""Right bundle branch block due to an anterior wall myocardial infarction...should arouse suspicion of a proximal lesion in the left anterior descending coronary artery."", ""chunk_index"": 0, ""section_title"": ""Anterior Infarction"", ""knowledge_source"": ""https://link.springer.com/chapter/10.1007/978-3-030-40341-6_7"", ""paragraph_index"": 4}"
12,379,1621,1622,SUPPORTS,SUPPORTS,Left anterior fascicular block...frequently in conjunction with right bundle branch block since they have a similar blood supply.,"{""evidence_text"": ""Left anterior fascicular block...frequently in conjunction with right bundle branch block since they have a similar blood supply."", ""chunk_index"": 0, ""section_title"": ""Anterior Infarction"", ""knowledge_source"": ""https://link.springer.com/chapter/10.1007/978-3-030-40341-6_7"", ""paragraph_index"": 4}"
12,378,1621,1620,INDICATES,INDICATES,Left anterior fascicular block also develops in 7–15% of anterior wall myocardial infarctions.,"{""evidence_text"": ""Left anterior fascicular block also develops in 7–15% of anterior wall myocardial infarctions."", ""chunk_index"": 0, ""section_title"": ""Anterior Infarction"", ""knowledge_source"": ""https://link.springer.com/chapter/10.1007/978-3-030-40341-6_7"", ""paragraph_index"": 4}"
13,410,1623,1705,SUPPORTS,SUPPORTS,"With evolution of the myocardial infarction, the ST segment abnormalities gradually resolve.","{""evidence_text"": ""With evolution of the myocardial infarction, the ST segment abnormalities gradually resolve."", ""chunk_index"": 0, ""section_title"": ""Anterior Infarction"", ""knowledge_source"": ""https://link.springer.com/chapter/10.1007/978-3-030-40341-6_7"", ""paragraph_index"": 5}"
14,410,1624,1705,SUPPORTS,SUPPORTS,the T wave frequently becomes inverted.,"{""evidence_text"": ""the T wave frequently becomes inverted."", ""chunk_index"": 0, ""section_title"": ""Anterior Infarction"", ""knowledge_source"": ""https://link.springer.com/chapter/10.1007/978-3-030-40341-6_7"", ""paragraph_index"": 5}"
15,380,1625,1626,INDICATES,INDICATES,"Occlusion of the right coronary artery will cause injury to the inferior wall of the heart and lead to ST segment elevation in the inferior leads (II, III, and aVF).","{""evidence_text"": ""Occlusion of the right coronary artery will cause injury to the inferior wall of the heart and lead to ST segment elevation in the inferior leads (II, III, and aVF)."", ""chunk_index"": 0, ""section_title"": ""Inferior Myocardial Infarction"", ""knowledge_source"": ""https://link.springer.com/chapter/10.1007/978-3-030-40341-6_7"", ""paragraph_index"": 0}"
16,381,1627,1628,IS_SPECIFIC_FOR,IS_SPECIFIC_FOR,"In patients where the inferior wall myocardial infarction is due to occlusion of the right coronary artery, the ST segment elevation in lead III is usually more prominent than that in lead II.","{""evidence_text"": ""In patients where the inferior wall myocardial infarction is due to occlusion of the right coronary artery, the ST segment elevation in lead III is usually more prominent than that in lead II."", ""chunk_index"": 0, ""section_title"": ""Inferior Myocardial Infarction"", ""knowledge_source"": ""https://link.springer.com/chapter/10.1007/978-3-030-40341-6_7"", ""paragraph_index"": 0}"
17,380,1629,1626,SUPPORTS,SUPPORTS,"In addition, reciprocal ST depression is usually prominently seen in I and aVL, since these lateral leads 'look' at the infarcted region through normal tissue.","{""evidence_text"": ""In addition, reciprocal ST depression is usually prominently seen in I and aVL, since these lateral leads 'look' at the infarcted region through normal tissue."", ""chunk_index"": 0, ""section_title"": ""Inferior Myocardial Infarction"", ""knowledge_source"": ""https://link.springer.com/chapter/10.1007/978-3-030-40341-6_7"", ""paragraph_index"": 0}"
17,398,1629,1676,INDICATES,INDICATES,right coronary artery involvement is associated with reciprocal ST depression in leads I and aVL.,"{""evidence_text"": ""right coronary artery involvement is associated with reciprocal ST depression in leads I and aVL."", ""chunk_index"": 0, ""section_title"": ""Infarction Type and ECG Changes"", ""knowledge_source"": ""https://link.springer.com/chapter/10.1007/978-3-030-40341-6_7"", ""paragraph_index"": 0}"
18,382,1630,1631,IS_SPECIFIC_FOR,IS_SPECIFIC_FOR,"Conversely, inferior wall myocardial infarction associated with occlusion of the circumflex coronary artery will generally have prominent ST segment elevation in lead II compared to the other inferior leads.","{""evidence_text"": ""Conversely, inferior wall myocardial infarction associated with occlusion of the circumflex coronary artery will generally have prominent ST segment elevation in lead II compared to the other inferior leads."", ""chunk_index"": 0, ""section_title"": ""Inferior Myocardial Infarction"", ""knowledge_source"": ""https://link.springer.com/chapter/10.1007/978-3-030-40341-6_7"", ""paragraph_index"": 0}"
19,383,1632,1633,INDICATES,INDICATES,"By ECG criteria, a posterior myocardial infarction is present when a prominent R wave is noted in lead V1.","{""evidence_text"": ""By ECG criteria, a posterior myocardial infarction is present when a prominent R wave is noted in lead V1."", ""chunk_index"": 0, ""section_title"": ""Inferior Myocardial Infarction"", ""knowledge_source"": ""https://link.springer.com/chapter/10.1007/978-3-030-40341-6_7"", ""paragraph_index"": 1}"
20,383,1634,1633,SUPPORTS,SUPPORTS,"In addition to the prominent R wave, posterior myocardial infarction is usually associated with significant ST segment depression.","{""evidence_text"": ""In addition to the prominent R wave, posterior myocardial infarction is usually associated with significant ST segment depression."", ""chunk_index"": 0, ""section_title"": ""Inferior Myocardial Infarction"", ""knowledge_source"": ""https://link.springer.com/chapter/10.1007/978-3-030-40341-6_7"", ""paragraph_index"": 1}"
21,383,1635,1633,SUPPORTS,SUPPORTS,"In addition to the prominent R wave, posterior myocardial infarction is usually associated with significant ST segment depression and an upright T wave.","{""evidence_text"": ""In addition to the prominent R wave, posterior myocardial infarction is usually associated with significant ST segment depression and an upright T wave."", ""chunk_index"": 0, ""section_title"": ""Inferior Myocardial Infarction"", ""knowledge_source"": ""https://link.springer.com/chapter/10.1007/978-3-030-40341-6_7"", ""paragraph_index"": 1}"
22,410,1636,1705,INDICATES,INDICATES,the prominent R wave actually represents a Q wave,"{""evidence_text"": ""the prominent R wave actually represents a Q wave"", ""chunk_index"": 1, ""section_title"": ""Inferior Myocardial Infarction"", ""knowledge_source"": ""https://link.springer.com/chapter/10.1007/978-3-030-40341-6_7"", ""paragraph_index"": 1}"
23,407,1637,1699,INDICATES,INDICATES,"In an inferior wall myocardial infarction due to right coronary artery occlusion, equal ST segment elevation is observed in II, aVF, and III","{""evidence_text"": ""In an inferior wall myocardial infarction due to right coronary artery occlusion, equal ST segment elevation is observed in II, aVF, and III"", ""chunk_index"": 0, ""section_title"": ""Lateral Myocardial Infarction"", ""knowledge_source"": ""https://link.springer.com/chapter/10.1007/978-3-030-40341-6_7"", ""paragraph_index"": 2}"
24,384,1638,1639,INDICATES,INDICATES,occlusion of the circumflex artery is associated with absent reciprocal changes in leads I and aVL,"{""evidence_text"": ""occlusion of the circumflex artery is associated with absent reciprocal changes in leads I and aVL"", ""chunk_index"": 0, ""section_title"": ""Lateral Myocardial Infarction"", ""knowledge_source"": ""https://link.springer.com/chapter/10.1007/978-3-030-40341-6_7"", ""paragraph_index"": 2}"
25,385,1640,1641,INDICATES,INDICATES,"However, if a proximal occlusion of the right coronary artery causes both an inferior wall and right ventricular infarction, lack of reciprocal changes or even frank ST segment elevation will be observed in leads V1 and V2 due to injury of the right ventricle.","{""evidence_text"": ""However, if a proximal occlusion of the right coronary artery causes both an inferior wall and right ventricular infarction, lack of reciprocal changes or even frank ST segment elevation will be observed in leads V1 and V2 due to injury of the right ventricle."", ""chunk_index"": 0, ""section_title"": ""Right Ventricular Infarction"", ""knowledge_source"": ""https://link.springer.com/chapter/10.1007/978-3-030-40341-6_7"", ""paragraph_index"": 0}"
26,385,1642,1641,SUPPORTS,SUPPORTS,ST segment elevation in RV4 is an excellent ECG sign for the presence of a right ventricular infarction.,"{""evidence_text"": ""ST segment elevation in RV4 is an excellent ECG sign for the presence of a right ventricular infarction."", ""chunk_index"": 0, ""section_title"": ""Right Ventricular Infarction"", ""knowledge_source"": ""https://link.springer.com/chapter/10.1007/978-3-030-40341-6_7"", ""paragraph_index"": 1}"
26,385,1642,1641,INDICATES,INDICATES,ST segment elevation in RV4 is a relatively insensitive but very specific finding in the setting of right ventricular involvement.,"{""evidence_text"": ""ST segment elevation in RV4 is a relatively insensitive but very specific finding in the setting of right ventricular involvement."", ""chunk_index"": 0, ""section_title"": ""Right Ventricular Infarction"", ""knowledge_source"": ""https://link.springer.com/chapter/10.1007/978-3-030-40341-6_7"", ""paragraph_index"": 1}"
27,380,1643,1626,INDICATES,INDICATES,"In general, the amount of ST segment depression observed in V1 and V2 should match the amount of ST segment elevation in the inferior leads.","{""evidence_text"": ""In general, the amount of ST segment depression observed in V1 and V2 should match the amount of ST segment elevation in the inferior leads."", ""chunk_index"": 0, ""section_title"": ""Right Ventricular Infarction"", ""knowledge_source"": ""https://link.springer.com/chapter/10.1007/978-3-030-40341-6_7"", ""paragraph_index"": 2}"
28,385,1644,1641,INDICATES,INDICATES,"If the reciprocal ST depression is less than expected, one should consider the presence of a right ventricular infarction.","{""evidence_text"": ""If the reciprocal ST depression is less than expected, one should consider the presence of a right ventricular infarction."", ""chunk_index"": 0, ""section_title"": ""Right Ventricular Infarction"", ""knowledge_source"": ""https://link.springer.com/chapter/10.1007/978-3-030-40341-6_7"", ""paragraph_index"": 2}"
28,386,1644,1645,INDICATES,INDICATES,"if the reciprocal ST depression in V1 and V2 is more prominent than the inferior ST segment elevation, accompanying posterior wall myocardial infarction should be considered.","{""evidence_text"": ""if the reciprocal ST depression in V1 and V2 is more prominent than the inferior ST segment elevation, accompanying posterior wall myocardial infarction should be considered."", ""chunk_index"": 0, ""section_title"": ""Right Ventricular Infarction"", ""knowledge_source"": ""https://link.springer.com/chapter/10.1007/978-3-030-40341-6_7"", ""paragraph_index"": 2}"
29,385,1646,1641,SUPPORTS,SUPPORTS,the utility of the reciprocal anterior ST segment will be reduced because the right ventricular infarction will tend to reduce the reciprocal ST depression,"{""evidence_text"": ""the utility of the reciprocal anterior ST segment will be reduced because the right ventricular infarction will tend to reduce the reciprocal ST depression"", ""chunk_index"": 1, ""section_title"": ""Right Ventricular Infarction"", ""knowledge_source"": ""https://link.springer.com/chapter/10.1007/978-3-030-40341-6_7"", ""paragraph_index"": 2}"
30,388,1648,1649,INDICATES,INDICATES,diffuse ST segment depression is often observed...,"{""evidence_text"": ""diffuse ST segment depression is often observed..."", ""chunk_index"": 0, ""section_title"": ""Left Main"", ""knowledge_source"": ""https://link.springer.com/chapter/10.1007/978-3-030-40341-6_7"", ""paragraph_index"": 0}"
30,390,1648,1652,SUPPORTS,SUPPORTS,diffuse ischemia associated with left main occlusion/ischemia will be associated as elevation in aVR.,"{""evidence_text"": ""diffuse ischemia associated with left main occlusion/ischemia will be associated as elevation in aVR."", ""chunk_index"": 0, ""section_title"": ""Left Main"", ""knowledge_source"": ""https://link.springer.com/chapter/10.1007/978-3-030-40341-6_7"", ""paragraph_index"": 0}"
31,389,1650,1651,INDICATES,INDICATES,isolated ST segment elevation in aVR should raise concern for occlusion or narrowing of the left main coronary artery.,"{""evidence_text"": ""isolated ST segment elevation in aVR should raise concern for occlusion or narrowing of the left main coronary artery."", ""chunk_index"": 0, ""section_title"": ""Left Main"", ""knowledge_source"": ""https://link.springer.com/chapter/10.1007/978-3-030-40341-6_7"", ""paragraph_index"": 0}"
32,392,1654,1655,INDICATES,INDICATES,Similarly ST segment depression ≥1 mm in the right precordial leads (V1 through V3) should arouse suspicion of myocardial ischemia/infarction in a patient complaining of chest pain.,"{""evidence_text"": ""Similarly ST segment depression ≥1 mm in the right precordial leads (V1 through V3) should arouse suspicion of myocardial ischemia/infarction in a patient complaining of chest pain."", ""chunk_index"": 0, ""knowledge_source"": ""https://link.springer.com/chapter/10.1007/978-3-030-40341-6_7"", ""section_title"": ""Myocardial Infarction in the Presence of Bundle Branch Block"", ""paragraph_index"": 0}"
33,409,1656,1704,INDICATES,INDICATES,"The anterior ST segment depression has resolved, highlighting the importance of evaluating the ECG for dynamic changes if possible.","{""evidence_text"": ""The anterior ST segment depression has resolved, highlighting the importance of evaluating the ECG for dynamic changes if possible."", ""chunk_index"": 1, ""knowledge_source"": ""https://link.springer.com/chapter/10.1007/978-3-030-40341-6_7"", ""section_title"": ""Myocardial Infarction in the Presence of Bundle Branch Block"", ""paragraph_index"": 0}"
33,392,1656,1655,SUPPORTS,SUPPORTS,There is significant anterior ST segment depression in leads with predominantly negative QRS complexes.,"{""evidence_text"": ""There is significant anterior ST segment depression in leads with predominantly negative QRS complexes."", ""chunk_index"": 0, ""knowledge_source"": ""https://link.springer.com/chapter/10.1007/978-3-030-40341-6_7"", ""section_title"": ""Myocardial Infarction in the Presence of Bundle Branch Block"", ""paragraph_index"": 0}"
34,410,1657,1705,IS_SPECIFIC_FOR,IS_SPECIFIC_FOR,In this case inferior ST segment elevation would not be expected in leads with positive QRS complexes.,"{""evidence_text"": ""In this case inferior ST segment elevation would not be expected in leads with positive QRS complexes."", ""chunk_index"": 1, ""knowledge_source"": ""https://link.springer.com/chapter/10.1007/978-3-030-40341-6_7"", ""section_title"": ""Myocardial Infarction in the Presence of Bundle Branch Block"", ""paragraph_index"": 0}"
35,410,1658,1705,INDICATES,INDICATES,Exaggerated ST segment elevation (≥5 mm) should also arouse suspicion of a myocardial infarction,"{""evidence_text"": ""Exaggerated ST segment elevation (≥5 mm) should also arouse suspicion of a myocardial infarction"", ""chunk_index"": 0, ""knowledge_source"": ""https://link.springer.com/chapter/10.1007/978-3-030-40341-6_7"", ""section_title"": ""Myocardial Infarction in the Presence of Bundle Branch Block"", ""paragraph_index"": 1}"
36,393,1659,1660,IS_SPECIFIC_FOR,IS_SPECIFIC_FOR,"the presence of a Q wave (> 30 ms) in two or more lateral leads (I, aVL, V5, or V6) is a fairly specific finding for the presence of a remote anterior myocardial infarction","{""evidence_text"": ""the presence of a Q wave (> 30 ms) in two or more lateral leads (I, aVL, V5, or V6) is a fairly specific finding for the presence of a remote anterior myocardial infarction"", ""chunk_index"": 0, ""knowledge_source"": ""https://link.springer.com/chapter/10.1007/978-3-030-40341-6_7"", ""section_title"": ""Myocardial Infarction in the Presence of Bundle Branch Block"", ""paragraph_index"": 2}"
36,410,1659,1705,INDICATES,INDICATES,"Myocardial infarction can also cause changes in the QRS complex, usually an initially negative deflection called a Q wave.","{""evidence_text"": ""Myocardial infarction can also cause changes in the QRS complex, usually an initially negative deflection called a Q wave."", ""chunk_index"": 0, ""section_title"": ""Key Points"", ""knowledge_source"": ""https://link.springer.com/chapter/10.1007/978-3-030-40341-6_7"", ""paragraph_index"": 3}"
37,410,1661,1705,SUPPORTS,SUPPORTS,"Right bundle branch block can be commonly associated with abnormal T waves, so evaluation of T wave morphology can become problematic.","{""evidence_text"": ""Right bundle branch block can be commonly associated with abnormal T waves, so evaluation of T wave morphology can become problematic."", ""chunk_index"": 0, ""knowledge_source"": ""https://link.springer.com/chapter/10.1007/978-3-030-40341-6_7"", ""section_title"": ""Myocardial Infarction in the Presence of Bundle Branch Block"", ""paragraph_index"": 3}"
38,410,1662,1705,INDICATES,INDICATES,Acute: ST segment changes in the same direction as the QRS complex.,"{""evidence_text"": ""Acute: ST segment changes in the same direction as the QRS complex."", ""chunk_index"": 0, ""knowledge_source"": ""https://link.springer.com/chapter/10.1007/978-3-030-40341-6_7"", ""section_title"": ""Myocardial Infarction in the Presence of Bundle Branch Block"", ""paragraph_index"": 4}"
39,410,1663,1705,INDICATES,INDICATES,Exaggerated ST segment elevation (>5 mm).,"{""evidence_text"": ""Exaggerated ST segment elevation (>5 mm)."", ""chunk_index"": 0, ""knowledge_source"": ""https://link.springer.com/chapter/10.1007/978-3-030-40341-6_7"", ""section_title"": ""Myocardial Infarction in the Presence of Bundle Branch Block"", ""paragraph_index"": 4}"
40,394,1664,1665,IS_SPECIFIC_FOR,IS_SPECIFIC_FOR,"Old infarction: Presence of Q waves in two of the lateral leads (I, aVL, V5, V6).","{""evidence_text"": ""Old infarction: Presence of Q waves in two of the lateral leads (I, aVL, V5, V6)."", ""chunk_index"": 0, ""knowledge_source"": ""https://link.springer.com/chapter/10.1007/978-3-030-40341-6_7"", ""section_title"": ""Myocardial Infarction in the Presence of Bundle Branch Block"", ""paragraph_index"": 4}"
41,410,1667,1705,SUPPORTS,SUPPORTS,"ST segment depression, T wave inversion, and sometimes no ECG changes may be seen.","{""evidence_text"": ""ST segment depression, T wave inversion, and sometimes no ECG changes may be seen."", ""chunk_index"": 0, ""section_title"": ""Key Points"", ""knowledge_source"": ""https://link.springer.com/chapter/10.1007/978-3-030-40341-6_7"", ""paragraph_index"": 4}"
42,380,1668,1626,INDICATES,INDICATES,"Inferior wall myocardial infarction is characterized by ST segment elevation in leads II, III, and aVF.","{""evidence_text"": ""Inferior wall myocardial infarction is characterized by ST segment elevation in leads II, III, and aVF."", ""chunk_index"": 0, ""section_title"": ""Infarction Type and ECG Changes"", ""knowledge_source"": ""https://link.springer.com/chapter/10.1007/978-3-030-40341-6_7"", ""paragraph_index"": 0}"
43,396,1669,1670,SUPPORTS,SUPPORTS,"When interpreting the ECG, it is important to assess whether the right ventricle is involved, which may be suggested by less reciprocal ST depression in V1 and V2.","{""evidence_text"": ""When interpreting the ECG, it is important to assess whether the right ventricle is involved, which may be suggested by less reciprocal ST depression in V1 and V2."", ""chunk_index"": 0, ""section_title"": ""Infarction Type and ECG Changes"", ""knowledge_source"": ""https://link.springer.com/chapter/10.1007/978-3-030-40341-6_7"", ""paragraph_index"": 0}"
44,396,1671,1670,SUPPORTS,SUPPORTS,"When interpreting the ECG, it is important to assess whether the right ventricle is involved, which may be suggested by [...] ST segment elevation in the right-sided lead rV4.","{""evidence_text"": ""When interpreting the ECG, it is important to assess whether the right ventricle is involved, which may be suggested by [...] ST segment elevation in the right-sided lead rV4."", ""chunk_index"": 0, ""section_title"": ""Infarction Type and ECG Changes"", ""knowledge_source"": ""https://link.springer.com/chapter/10.1007/978-3-030-40341-6_7"", ""paragraph_index"": 0}"
45,387,1672,1647,INDICATES,INDICATES,"Posterior wall involvement should also be considered, indicated by more prominent reciprocal ST depression in V1.","{""evidence_text"": ""Posterior wall involvement should also be considered, indicated by more prominent reciprocal ST depression in V1."", ""chunk_index"": 0, ""section_title"": ""Infarction Type and ECG Changes"", ""knowledge_source"": ""https://link.springer.com/chapter/10.1007/978-3-030-40341-6_7"", ""paragraph_index"": 0}"
46,387,1673,1647,SUPPORTS,SUPPORTS,"Posterior wall involvement should also be considered, indicated by [...] the presence of a prominent R wave in V1.","{""evidence_text"": ""Posterior wall involvement should also be considered, indicated by [...] the presence of a prominent R wave in V1."", ""chunk_index"": 0, ""section_title"": ""Infarction Type and ECG Changes"", ""knowledge_source"": ""https://link.springer.com/chapter/10.1007/978-3-030-40341-6_7"", ""paragraph_index"": 0}"
47,397,1674,1675,INDICATES,INDICATES,"In addition, lateral wall involvement may be suggested by ST segment elevation in V5 and V6.","{""evidence_text"": ""In addition, lateral wall involvement may be suggested by ST segment elevation in V5 and V6."", ""chunk_index"": 0, ""section_title"": ""Infarction Type and ECG Changes"", ""knowledge_source"": ""https://link.springer.com/chapter/10.1007/978-3-030-40341-6_7"", ""paragraph_index"": 0}"
48,399,1677,1678,INDICATES,INDICATES,whereas circumflex artery involvement is suggested by the absence of reciprocal ST depression in I and aVL.,"{""evidence_text"": ""whereas circumflex artery involvement is suggested by the absence of reciprocal ST depression in I and aVL."", ""chunk_index"": 0, ""section_title"": ""Infarction Type and ECG Changes"", ""knowledge_source"": ""https://link.springer.com/chapter/10.1007/978-3-030-40341-6_7"", ""paragraph_index"": 0}"
49,378,1680,1620,INDICATES,INDICATES,"Anterior wall myocardial infarction presents with ST segment elevation in the precordial leads V1, V2, V3, and V4.","{""evidence_text"": ""Anterior wall myocardial infarction presents with ST segment elevation in the precordial leads V1, V2, V3, and V4."", ""chunk_index"": 0, ""section_title"": ""Infarction Type and ECG Changes"", ""knowledge_source"": ""https://link.springer.com/chapter/10.1007/978-3-030-40341-6_7"", ""paragraph_index"": 2}"
50,401,1681,1682,SUPPORTS,SUPPORTS,"ECG interpretation should include assessment of whether the lesion is proximal, which may be indicated by ST segment elevation in leads I and aVL.","{""evidence_text"": ""ECG interpretation should include assessment of whether the lesion is proximal, which may be indicated by ST segment elevation in leads I and aVL."", ""chunk_index"": 0, ""section_title"": ""Infarction Type and ECG Changes"", ""knowledge_source"": ""https://link.springer.com/chapter/10.1007/978-3-030-40341-6_7"", ""paragraph_index"": 2}"
51,409,1683,1704,INDICATES,INDICATES,the ST depression actually represents ST elevation,"{""evidence_text"": ""the ST depression actually represents ST elevation"", ""chunk_index"": 1, ""section_title"": ""Inferior Myocardial Infarction"", ""knowledge_source"": ""https://link.springer.com/chapter/10.1007/978-3-030-40341-6_7"", ""paragraph_index"": 1}"
52,402,1685,1686,INDICATES,INDICATES,Left main coronary artery involvement is suggested by ST segment elevation in leads aVR and V1,"{""evidence_text"": ""Left main coronary artery involvement is suggested by ST segment elevation in leads aVR and V1"", ""chunk_index"": 0, ""section_title"": ""Infarction Type and ECG Changes"", ""knowledge_source"": ""https://link.springer.com/chapter/10.1007/978-3-030-40341-6_7"", ""paragraph_index"": 3}"
53,403,1687,1688,INDICATES,INDICATES,This ECG pattern reflects widespread myocardial ischemia rather than a localized infarction.,"{""evidence_text"": ""This ECG pattern reflects widespread myocardial ischemia rather than a localized infarction."", ""chunk_index"": 0, ""section_title"": ""Infarction Type and ECG Changes"", ""knowledge_source"": ""https://link.springer.com/chapter/10.1007/978-3-030-40341-6_7"", ""paragraph_index"": 3}"
54,380,1690,1626,IS_SPECIFIC_FOR,IS_SPECIFIC_FOR,Atrioventricular (AV) block is most commonly associated with inferior wall myocardial infarction.,"{""evidence_text"": ""Atrioventricular (AV) block is most commonly associated with inferior wall myocardial infarction."", ""chunk_index"": 0, ""section_title"": ""Review"", ""knowledge_source"": ""https://link.springer.com/chapter/10.1007/978-3-030-40341-6_7"", ""paragraph_index"": 1}"
54,410,1690,1705,IS_SPECIFIC_FOR,IS_SPECIFIC_FOR,Approximately one third of patients with inferior wall myocardial infarction develop some form of AV block.,"{""evidence_text"": ""Approximately one third of patients with inferior wall myocardial infarction develop some form of AV block."", ""chunk_index"": 0, ""section_title"": ""Review"", ""knowledge_source"": ""https://link.springer.com/chapter/10.1007/978-3-030-40341-6_7"", ""paragraph_index"": 1}"
55,409,1691,1704,INDICATES,INDICATES,the upright T wave is actually an inverted T wave,"{""evidence_text"": ""the upright T wave is actually an inverted T wave"", ""chunk_index"": 1, ""section_title"": ""Inferior Myocardial Infarction"", ""knowledge_source"": ""https://link.springer.com/chapter/10.1007/978-3-030-40341-6_7"", ""paragraph_index"": 1}"
56,405,1692,1693,SUPPORTS,SUPPORTS,Accompanying reciprocal ST depression in aVL suggests that the occlusion is in the right coronary artery.,"{""evidence_text"": ""Accompanying reciprocal ST depression in aVL suggests that the occlusion is in the right coronary artery."", ""chunk_index"": 0, ""section_title"": ""Inferior Myocardial Infarction"", ""knowledge_source"": ""https://link.springer.com/chapter/10.1007/978-3-030-40341-6_7"", ""paragraph_index"": 2}"
57,410,1694,1705,SUPPORTS,SUPPORTS,In many cases occlusion of the circumflex coronary artery or one of its branches will not be associated with ST segment elevation.,"{""evidence_text"": ""In many cases occlusion of the circumflex coronary artery or one of its branches will not be associated with ST segment elevation."", ""chunk_index"": 0, ""section_title"": ""Lateral Myocardial Infarction"", ""knowledge_source"": ""https://link.springer.com/chapter/10.1007/978-3-030-40341-6_7"", ""paragraph_index"": 1}"
58,380,1695,1626,INDICATES,INDICATES,occlusion of the right coronary artery will often lead to ST segment elevation in the inferior and lateral leads,"{""evidence_text"": ""occlusion of the right coronary artery will often lead to ST segment elevation in the inferior and lateral leads"", ""chunk_index"": 0, ""section_title"": ""Lateral Myocardial Infarction"", ""knowledge_source"": ""https://link.springer.com/chapter/10.1007/978-3-030-40341-6_7"", ""paragraph_index"": 2}"
58,406,1695,1696,INDICATES,INDICATES,Lateral infarction can often be seen in the presence of an inferior wall myocardial infarction,"{""evidence_text"": ""Lateral infarction can often be seen in the presence of an inferior wall myocardial infarction"", ""chunk_index"": 0, ""section_title"": ""Lateral Myocardial Infarction"", ""knowledge_source"": ""https://link.springer.com/chapter/10.1007/978-3-030-40341-6_7"", ""paragraph_index"": 2}"
59,380,1697,1626,INDICATES,INDICATES,occlusion of the circumflex coronary artery will also lead to inferolateral ST segment elevation,"{""evidence_text"": ""occlusion of the circumflex coronary artery will also lead to inferolateral ST segment elevation"", ""chunk_index"": 0, ""section_title"": ""Lateral Myocardial Infarction"", ""knowledge_source"": ""https://link.springer.com/chapter/10.1007/978-3-030-40341-6_7"", ""paragraph_index"": 2}"
60,407,1698,1699,SUPPORTS,SUPPORTS,the presence or absence of matching reciprocal ST segment depression in aVL can still be helpful for differentiating between these two possibilities,"{""evidence_text"": ""the presence or absence of matching reciprocal ST segment depression in aVL can still be helpful for differentiating between these two possibilities"", ""chunk_index"": 0, ""section_title"": ""Lateral Myocardial Infarction"", ""knowledge_source"": ""https://link.springer.com/chapter/10.1007/978-3-030-40341-6_7"", ""paragraph_index"": 2}"
61,411,1703,1706,SUPPORTS,SUPPORTS,Evaluation for the presence of myocardial ischemia or myocardial infarction is one of the most important uses of the ECG.,"{""evidence_text"": ""Evaluation for the presence of myocardial ischemia or myocardial infarction is one of the most important uses of the ECG."", ""chunk_index"": 0, ""section_title"": ""Abstract"", ""knowledge_source"": ""https://link.springer.com/chapter/10.1007/978-3-030-40341-6_7"", ""paragraph_index"": 1}"
61,410,1703,1705,INDICATES,INDICATES,Myocardial infarction is associated with several characteristic ECG changes: ... ST segment changes...,"{""evidence_text"": ""Myocardial infarction is associated with several characteristic ECG changes: ... ST segment changes..."", ""chunk_index"": 0, ""knowledge_source"": ""https://link.springer.com/chapter/10.1007/978-3-030-40341-6_7"", ""section_title"": ""ECG Changes in Acute Myocardial Infarction"", ""paragraph_index"": 0}"
61,409,1703,1704,INDICATES,INDICATES,The most important cause for changes in the ST segment is myocardial ischemia and myocardial infarction.,"{""evidence_text"": ""The most important cause for changes in the ST segment is myocardial ischemia and myocardial infarction."", ""chunk_index"": 0, ""section_title"": ""Abstract"", ""knowledge_source"": ""https://link.springer.com/chapter/10.1007/978-3-030-40341-6_7"", ""paragraph_index"": 1}"
62,410,1707,1705,INDICATES,INDICATES,This condition is called a myocardial infarction.,"{""evidence_text"": ""This condition is called a myocardial infarction."", ""chunk_index"": 0, ""knowledge_source"": ""https://link.springer.com/chapter/10.1007/978-3-030-40341-6_7"", ""section_title"": ""Cellular Changes Associated with Acute Myocardial Infarction"", ""paragraph_index"": 0}"
63,409,1708,1704,INDICATES,INDICATES,Myocardial ischemia is usually defined as the early period in which potentially reversible cellular changes are present.,"{""evidence_text"": ""Myocardial ischemia is usually defined as the early period in which potentially reversible cellular changes are present."", ""chunk_index"": 0, ""knowledge_source"": ""https://link.springer.com/chapter/10.1007/978-3-030-40341-6_7"", ""section_title"": ""Cellular Changes Associated with Acute Myocardial Infarction"", ""paragraph_index"": 0}"
65,412,1711,1713,INDICATES,INDICATES,"The infarction phase occurs when anaerobic metabolism cannot keep up with metabolic need, and irreversible damage and cell death begins.","{""evidence_text"": ""The infarction phase occurs when anaerobic metabolism cannot keep up with metabolic need, and irreversible damage and cell death begins."", ""chunk_index"": 0, ""knowledge_source"": ""https://link.springer.com/chapter/10.1007/978-3-030-40341-6_7"", ""section_title"": ""Evolution of Myocardial Infarction and Ischemia"", ""paragraph_index"": 0}"
65,413,1711,1714,SUPPORTS,SUPPORTS,The extent of irreversible damage can be attenuated by the presence of collateral blood flow from other coronary artery branches.,"{""evidence_text"": ""The extent of irreversible damage can be attenuated by the presence of collateral blood flow from other coronary artery branches."", ""chunk_index"": 0, ""knowledge_source"": ""https://link.springer.com/chapter/10.1007/978-3-030-40341-6_7"", ""section_title"": ""Evolution of Myocardial Infarction and Ischemia"", ""paragraph_index"": 0}"
66,410,1715,1705,INDICATES,INDICATES,"The first ECG finding that can be observed during a myocardial infarction is T wave peaking, characterized by prominent T waves with a relatively narrow base.","{""evidence_text"": ""The first ECG finding that can be observed during a myocardial infarction is T wave peaking, characterized by prominent T waves with a relatively narrow base."", ""chunk_index"": 0, ""section_title"": ""T Wave Peaking"", ""knowledge_source"": ""https://link.springer.com/chapter/10.1007/978-3-030-40341-6_7"", ""paragraph_index"": 0}"
66,410,1715,1705,SUPPORTS,SUPPORTS,"Electrocardiographic findings associated with myocardial infarction encompass a range of abnormalities, including ST segment elevation, ST segment depression, and T wave peaking.","{""evidence_text"": ""Electrocardiographic findings associated with myocardial infarction encompass a range of abnormalities, including ST segment elevation, ST segment depression, and T wave peaking."", ""chunk_index"": 0, ""section_title"": ""Review"", ""knowledge_source"": ""https://link.springer.com/chapter/10.1007/978-3-030-40341-6_7"", ""paragraph_index"": 0}"
66,409,1715,1704,INDICATES,INDICATES,"T wave peaking can be observed during ischemia, activation of K+ channels that are sensitive to reduced amounts of ATP (IKATP) leads to outward flow of K+ and accumulation of K+ in the extracellular spaces of affected myocytes.","{""evidence_text"": ""T wave peaking can be observed during ischemia, activation of K+ channels that are sensitive to reduced amounts of ATP (IKATP) leads to outward flow of K+ and accumulation of K+ in the extracellular spaces of affected myocytes."", ""chunk_index"": 0, ""section_title"": ""T Wave Peaking"", ""knowledge_source"": ""https://link.springer.com/chapter/10.1007/978-3-030-40341-6_7"", ""paragraph_index"": 0}"
67,410,1716,1705,INDICATES,INDICATES,The ECG now shows T wave inversion and the development of Q waves in the inferior leads.,"{""evidence_text"": ""The ECG now shows T wave inversion and the development of Q waves in the inferior leads."", ""chunk_index"": 0, ""knowledge_source"": ""https://link.springer.com/chapter/10.1007/978-3-030-40341-6_7"", ""section_title"": ""Myocardial Infarction in the Presence of Bundle Branch Block"", ""paragraph_index"": 5}"
67,408,1716,1701,INDICATES,INDICATES,Q waves can develop within the first few minutes/hours of myocardial injury,"{""evidence_text"": ""Q waves can develop within the first few minutes/hours of myocardial injury"", ""chunk_index"": 1, ""section_title"": ""Q Waves"", ""knowledge_source"": ""https://link.springer.com/chapter/10.1007/978-3-030-40341-6_7"", ""paragraph_index"": 0}"
67,408,1716,1701,IS_SPECIFIC_FOR,IS_SPECIFIC_FOR,Damage to an area produces Q waves in the area because of relative damage to the heart and reduction in depolarization voltages in the affected area compared to normal myocardium not affected by the coronary occlusion.,"{""evidence_text"": ""Damage to an area produces Q waves in the area because of relative damage to the heart and reduction in depolarization voltages in the affected area compared to normal myocardium not affected by the coronary occlusion."", ""chunk_index"": 0, ""section_title"": ""Anterior Infarction"", ""knowledge_source"": ""https://link.springer.com/chapter/10.1007/978-3-030-40341-6_7"", ""paragraph_index"": 3}"
67,410,1716,1705,SUPPORTS,SUPPORTS,"they often become less prominent over time (weeks and months), but will generally not resolve completely.","{""evidence_text"": ""they often become less prominent over time (weeks and months), but will generally not resolve completely."", ""chunk_index"": 0, ""section_title"": ""Anterior Infarction"", ""knowledge_source"": ""https://link.springer.com/chapter/10.1007/978-3-030-40341-6_7"", ""paragraph_index"": 5}"
67,410,1716,1705,IS_SPECIFIC_FOR,IS_SPECIFIC_FOR,"Q waves can develop within the first few minutes/hours of myocardial injury, but usually begin becoming more prominent approximately 12 hours after the initial coronary artery occlusion","{""evidence_text"": ""Q waves can develop within the first few minutes/hours of myocardial injury, but usually begin becoming more prominent approximately 12 hours after the initial coronary artery occlusion"", ""chunk_index"": 1, ""section_title"": ""Q Waves"", ""knowledge_source"": ""https://link.springer.com/chapter/10.1007/978-3-030-40341-6_7"", ""paragraph_index"": 0}"
67,408,1716,1701,SUPPORTS,SUPPORTS,"Traditionally, Q waves were thought to develop when irreversible damage to the heart occurred","{""evidence_text"": ""Traditionally, Q waves were thought to develop when irreversible damage to the heart occurred"", ""chunk_index"": 0, ""section_title"": ""Q Waves"", ""knowledge_source"": ""https://link.springer.com/chapter/10.1007/978-3-030-40341-6_7"", ""paragraph_index"": 1}"
68,410,1717,1705,SUPPORTS,SUPPORTS,it is important to recognize the limitations of the ECG for identifying myocardial infarction and ischemia by noting that 20% of patients will have a normal ECG...,"{""evidence_text"": ""it is important to recognize the limitations of the ECG for identifying myocardial infarction and ischemia by noting that 20% of patients will have a normal ECG..."", ""chunk_index"": 0, ""knowledge_source"": ""https://link.springer.com/chapter/10.1007/978-3-030-40341-6_7"", ""section_title"": ""ECG Changes in Acute Myocardial Infarction"", ""paragraph_index"": 0}"
69,391,1718,1653,CONNECTED_TO,CONNECTED_TO,ST segment elevation will be observed in V1 with occlusion of the left main artery.,"{""evidence_text"": ""ST segment elevation will be observed in V1 with occlusion of the left main artery."", ""chunk_index"": 1, ""section_title"": ""Left Main"", ""knowledge_source"": ""https://link.springer.com/chapter/10.1007/978-3-030-40341-6_7"", ""paragraph_index"": 0, ""merged_from"": 1700}"
69,410,1718,1705,CONNECTED_TO,CONNECTED_TO,"Lateral wall myocardial infarction is associated with ST segment elevation in leads I, aVL, V5, and V6.","{""evidence_text"": ""Lateral wall myocardial infarction is associated with ST segment elevation in leads I, aVL, V5, and V6."", ""chunk_index"": 0, ""section_title"": ""Infarction Type and ECG Changes"", ""knowledge_source"": ""https://link.springer.com/chapter/10.1007/978-3-030-40341-6_7"", ""paragraph_index"": 1, ""merged_from"": 1700}"
69,414,1718,1727,CONNECTED_TO,CONNECTED_TO,"Abnormalities in the ST segment, either elevation or depression, are the most commonly used ECG findings for the diagnosis of ischemia/infarction.","{""evidence_text"": ""Abnormalities in the ST segment, either elevation or depression, are the most commonly used ECG findings for the diagnosis of ischemia/infarction."", ""chunk_index"": 0, ""section_title"": ""ST Segment Changes"", ""knowledge_source"": ""https://link.springer.com/chapter/10.1007/978-3-030-40341-6_7"", ""paragraph_index"": 0, ""merged_from"": 1700}"
69,404,1718,1689,CONNECTED_TO,CONNECTED_TO,"Among these, ST segment elevation is of particular clinical importance, as it defines ST elevation myocardial infarction (STEMI).","{""evidence_text"": ""Among these, ST segment elevation is of particular clinical importance, as it defines ST elevation myocardial infarction (STEMI)."", ""chunk_index"": 0, ""section_title"": ""Review"", ""knowledge_source"": ""https://link.springer.com/chapter/10.1007/978-3-030-40341-6_7"", ""paragraph_index"": 0, ""merged_from"": 1700}"
69,400,1718,1679,CONNECTED_TO,CONNECTED_TO,"Lateral wall myocardial infarction is associated with ST segment elevation in leads I, aVL, V5, and V6.","{""evidence_text"": ""Lateral wall myocardial infarction is associated with ST segment elevation in leads I, aVL, V5, and V6."", ""chunk_index"": 0, ""section_title"": ""Infarction Type and ECG Changes"", ""knowledge_source"": ""https://link.springer.com/chapter/10.1007/978-3-030-40341-6_7"", ""paragraph_index"": 1, ""merged_from"": 1700}"
69,415,1718,1730,CONNECTED_TO,CONNECTED_TO,careful review of the ECG with particular attention to the location and magnitude of ST segment elevation and depression can yield important clinical information such as the affected region and the likely site of occlusion.,"{""evidence_text"": ""careful review of the ECG with particular attention to the location and magnitude of ST segment elevation and depression can yield important clinical information such as the affected region and the likely site of occlusion."", ""chunk_index"": 0, ""section_title"": ""ST Segment Changes"", ""knowledge_source"": ""https://link.springer.com/chapter/10.1007/978-3-030-40341-6_7"", ""paragraph_index"": 4, ""merged_from"": 1700}"
69,380,1718,1626,CONNECTED_TO,CONNECTED_TO,"ST segment elevation is more prominent in lead II when compared to aVF, since II is oriented at 60° and III is oriented farther away from the lateral wall at 120°.","{""evidence_text"": ""ST segment elevation is more prominent in lead II when compared to aVF, since II is oriented at 60° and III is oriented farther away from the lateral wall at 120°."", ""chunk_index"": 1, ""section_title"": ""Lateral Myocardial Infarction"", ""knowledge_source"": ""https://link.springer.com/chapter/10.1007/978-3-030-40341-6_7"", ""paragraph_index"": 2, ""merged_from"": 1700}"
69,375,1718,1611,CONNECTED_TO,CONNECTED_TO,Occlusion of the left anterior descending coronary artery will cause ST segment elevation in the anterior precordial leads.,"{""evidence_text"": ""Occlusion of the left anterior descending coronary artery will cause ST segment elevation in the anterior precordial leads."", ""chunk_index"": 0, ""section_title"": ""Anterior Infarction"", ""knowledge_source"": ""https://link.springer.com/chapter/10.1007/978-3-030-40341-6_7"", ""paragraph_index"": 0, ""merged_from"": 1700}"
69,408,1718,1701,CONNECTED_TO,CONNECTED_TO,"ST segment elevation will be observed in the lateral leads (aVL, I, and V6) and the anterior leads because of injury of the anterior and anterolateral walls.","{""evidence_text"": ""ST segment elevation will be observed in the lateral leads (aVL, I, and V6) and the anterior leads because of injury of the anterior and anterolateral walls."", ""chunk_index"": 1, ""section_title"": ""Anterior Infarction"", ""knowledge_source"": ""https://link.springer.com/chapter/10.1007/978-3-030-40341-6_7"", ""paragraph_index"": 0, ""merged_from"": 1700}"
69,417,1718,1736,CONNECTED_TO,CONNECTED_TO,"since ST segment elevation is often present when there is complete occlusion of one of the major branches of the coronary arteries (left anterior descending, circumflex, or right coronary artery).","{""evidence_text"": ""since ST segment elevation is often present when there is complete occlusion of one of the major branches of the coronary arteries (left anterior descending, circumflex, or right coronary artery)."", ""chunk_index"": 0, ""knowledge_source"": ""https://link.springer.com/chapter/10.1007/978-3-030-40341-6_7"", ""section_title"": ""T Wave Inversion and ST Segment Depression"", ""paragraph_index"": 0, ""merged_from"": 1700}"
69,395,1718,1666,CONNECTED_TO,CONNECTED_TO,ST segment elevation is an ECG sign of complete coronary artery occlusion and myocardial infarction.,"{""evidence_text"": ""ST segment elevation is an ECG sign of complete coronary artery occlusion and myocardial infarction."", ""chunk_index"": 0, ""section_title"": ""Key Points"", ""knowledge_source"": ""https://link.springer.com/chapter/10.1007/978-3-030-40341-6_7"", ""paragraph_index"": 0, ""merged_from"": 1700}"
69,376,1718,1612,CONNECTED_TO,CONNECTED_TO,The number of leads involved provides a clue for the location of the occlusion and the extent of the myocardium at risk.,"{""evidence_text"": ""The number of leads involved provides a clue for the location of the occlusion and the extent of the myocardium at risk."", ""chunk_index"": 0, ""section_title"": ""Anterior Infarction"", ""knowledge_source"": ""https://link.springer.com/chapter/10.1007/978-3-030-40341-6_7"", ""paragraph_index"": 0, ""merged_from"": 1700}"
69,374,1718,1610,CONNECTED_TO,CONNECTED_TO,The presence of ST segment elevation in two adjacent leads is used for the diagnosis of an anterior myocardial infarction.,"{""evidence_text"": ""The presence of ST segment elevation in two adjacent leads is used for the diagnosis of an anterior myocardial infarction."", ""chunk_index"": 0, ""section_title"": ""Anterior Infarction"", ""knowledge_source"": ""https://link.springer.com/chapter/10.1007/978-3-030-40341-6_7"", ""paragraph_index"": 0, ""merged_from"": 1700}"
69,410,1718,1705,INDICATES,INDICATES,ST-segment elevation is indicative of myocardial infarction.,"{""evidence_text"": ""ST-segment elevation is indicative of myocardial infarction."", ""chunk_index"": 0, ""knowledge_source"": ""https://link.springer.com/chapter/10.1007/978-3-030-40341-6_7"", ""section_title"": ""ECG Changes in Acute Myocardial Infarction"", ""paragraph_index"": 1}"
70,409,1719,1704,INDICATES,INDICATES,ST-segment depression is associated with myocardial ischemia.,"{""evidence_text"": ""ST-segment depression is associated with myocardial ischemia."", ""chunk_index"": 0, ""knowledge_source"": ""https://link.springer.com/chapter/10.1007/978-3-030-40341-6_7"", ""section_title"": ""ECG Changes in Acute Myocardial Infarction"", ""paragraph_index"": 1}"
71,409,1720,1704,SUPPORTS,SUPPORTS,T-wave inversion can support the diagnosis of myocardial ischemia.,"{""evidence_text"": ""T-wave inversion can support the diagnosis of myocardial ischemia."", ""chunk_index"": 0, ""knowledge_source"": ""https://link.springer.com/chapter/10.1007/978-3-030-40341-6_7"", ""section_title"": ""ECG Changes in Acute Myocardial Infarction"", ""paragraph_index"": 1}"
72,410,1721,1705,SUPPORTS,SUPPORTS,Reciprocal changes can support the diagnosis of myocardial infarction.,"{""evidence_text"": ""Reciprocal changes can support the diagnosis of myocardial infarction."", ""chunk_index"": 0, ""knowledge_source"": ""https://link.springer.com/chapter/10.1007/978-3-030-40341-6_7"", ""section_title"": ""ECG Changes in Acute Myocardial Infarction"", ""paragraph_index"": 1}"
72,410,1721,1705,IS_SPECIFIC_FOR,IS_SPECIFIC_FOR,The presence of reciprocal changes in the setting of localized ST segment elevation is a very specific finding for myocardial infarction (> 90%).,"{""evidence_text"": ""The presence of reciprocal changes in the setting of localized ST segment elevation is a very specific finding for myocardial infarction (> 90%)."", ""chunk_index"": 0, ""section_title"": ""ST Segment Changes"", ""knowledge_source"": ""https://link.springer.com/chapter/10.1007/978-3-030-40341-6_7"", ""paragraph_index"": 8}"
72,408,1721,1701,SUPPORTS,SUPPORTS,the importance of reciprocal changes for identifying ST segment changes due to myocardial injury.,"{""evidence_text"": ""the importance of reciprocal changes for identifying ST segment changes due to myocardial injury."", ""chunk_index"": 0, ""section_title"": ""ST Segment Changes"", ""knowledge_source"": ""https://link.springer.com/chapter/10.1007/978-3-030-40341-6_7"", ""paragraph_index"": 8}"
73,408,1722,1701,IS_SPECIFIC_FOR,IS_SPECIFIC_FOR,Peaked T waves are specific for myocardial injury.,"{""evidence_text"": ""Peaked T waves are specific for myocardial injury."", ""chunk_index"": 0, ""knowledge_source"": ""https://link.springer.com/chapter/10.1007/978-3-030-40341-6_7"", ""section_title"": ""ECG Changes in Acute Myocardial Infarction"", ""paragraph_index"": 1}"
74,408,1723,1701,INDICATES,INDICATES,Coexistence of ST segment elevation and ST segment depression (reciprocal changes) in a 12-lead ECG should always arouse suspicion of myocardial injury.,"{""evidence_text"": ""Coexistence of ST segment elevation and ST segment depression (reciprocal changes) in a 12-lead ECG should always arouse suspicion of myocardial injury."", ""chunk_index"": 0, ""section_title"": ""ST Segment Changes"", ""knowledge_source"": ""https://link.springer.com/chapter/10.1007/978-3-030-40341-6_7"", ""paragraph_index"": 9}"
74,372,1723,1604,INDICATES,INDICATES,"Although they are abnormal, inverted T waves, like ST segment depression, are a nonspecific finding for ischemia.","{""evidence_text"": ""Although they are abnormal, inverted T waves, like ST segment depression, are a nonspecific finding for ischemia."", ""chunk_index"": 0, ""knowledge_source"": ""https://link.springer.com/chapter/10.1007/978-3-030-40341-6_7"", ""section_title"": ""T Wave Inversion and ST Segment Depression"", ""paragraph_index"": 4}"
74,387,1723,1647,INDICATES,INDICATES,the posterior wall involvement will tend to exaggerate the ST segment depression in the same leads.,"{""evidence_text"": ""the posterior wall involvement will tend to exaggerate the ST segment depression in the same leads."", ""chunk_index"": 1, ""section_title"": ""Right Ventricular Infarction"", ""knowledge_source"": ""https://link.springer.com/chapter/10.1007/978-3-030-40341-6_7"", ""paragraph_index"": 2}"
74,410,1723,1705,SUPPORTS,SUPPORTS,"Electrocardiographic findings associated with myocardial infarction encompass a range of abnormalities, including ST segment elevation, ST segment depression, and T wave peaking.","{""evidence_text"": ""Electrocardiographic findings associated with myocardial infarction encompass a range of abnormalities, including ST segment elevation, ST segment depression, and T wave peaking."", ""chunk_index"": 0, ""section_title"": ""Review"", ""knowledge_source"": ""https://link.springer.com/chapter/10.1007/978-3-030-40341-6_7"", ""paragraph_index"": 0}"
74,410,1723,1705,IS_SPECIFIC_FOR,IS_SPECIFIC_FOR,Unfortunately isolated ST segment depression without accompanying ST segment elevation is not very specific for identifying acute myocardial infarction.,"{""evidence_text"": ""Unfortunately isolated ST segment depression without accompanying ST segment elevation is not very specific for identifying acute myocardial infarction."", ""chunk_index"": 0, ""knowledge_source"": ""https://link.springer.com/chapter/10.1007/978-3-030-40341-6_7"", ""section_title"": ""T Wave Inversion and ST Segment Depression"", ""paragraph_index"": 1}"
74,409,1723,1704,INDICATES,INDICATES,ST segment depression may be due to endocardial ischemia.,"{""evidence_text"": ""ST segment depression may be due to endocardial ischemia."", ""chunk_index"": 0, ""knowledge_source"": ""https://link.springer.com/chapter/10.1007/978-3-030-40341-6_7"", ""section_title"": ""T Wave Inversion and ST Segment Depression"", ""paragraph_index"": 1}"
74,414,1723,1727,INDICATES,INDICATES,"Abnormalities in the ST segment, either elevation or depression, are the most commonly used ECG findings for the diagnosis of ischemia/infarction.","{""evidence_text"": ""Abnormalities in the ST segment, either elevation or depression, are the most commonly used ECG findings for the diagnosis of ischemia/infarction."", ""chunk_index"": 0, ""section_title"": ""ST Segment Changes"", ""knowledge_source"": ""https://link.springer.com/chapter/10.1007/978-3-030-40341-6_7"", ""paragraph_index"": 0}"
74,418,1723,1737,INDICATES,INDICATES,The ECG changes associated with non-STEMI infarctions can be subtle and include ST segment depression and T wave inversion.,"{""evidence_text"": ""The ECG changes associated with non-STEMI infarctions can be subtle and include ST segment depression and T wave inversion."", ""chunk_index"": 0, ""knowledge_source"": ""https://link.springer.com/chapter/10.1007/978-3-030-40341-6_7"", ""section_title"": ""T Wave Inversion and ST Segment Depression"", ""paragraph_index"": 0}"
74,408,1723,1701,SUPPORTS,SUPPORTS,"In particular, ST segment depression associated with left ventricular hypertrophy can be difficult to separate from ST segment depression associated with myocardial injury.","{""evidence_text"": ""In particular, ST segment depression associated with left ventricular hypertrophy can be difficult to separate from ST segment depression associated with myocardial injury."", ""chunk_index"": 0, ""knowledge_source"": ""https://link.springer.com/chapter/10.1007/978-3-030-40341-6_7"", ""section_title"": ""T Wave Inversion and ST Segment Depression"", ""paragraph_index"": 1}"
75,408,1724,1701,INDICATES,INDICATES,peaked T waves,"{""evidence_text"": ""peaked T waves"", ""chunk_index"": 0, ""section_title"": ""ECG Changes in Acute Myocardial Infarction"", ""knowledge_source"": ""https://link.springer.com/chapter/10.1007/978-3-030-40341-6_7"", ""paragraph_index"": 3}"
76,409,1725,1704,SUPPORTS,SUPPORTS,"The presence of symptoms, the presence of T wave inversion in leads other than the inferolateral leads, and dynamic T wave changes should always increase the clinician’s concern that the T wave inversion is due to myocardial ischemia.","{""evidence_text"": ""The presence of symptoms, the presence of T wave inversion in leads other than the inferolateral leads, and dynamic T wave changes should always increase the clinician’s concern that the T wave inversion is due to myocardial ischemia."", ""chunk_index"": 0, ""knowledge_source"": ""https://link.springer.com/chapter/10.1007/978-3-030-40341-6_7"", ""section_title"": ""T Wave Inversion and ST Segment Depression"", ""paragraph_index"": 4}"
76,410,1725,1705,SUPPORTS,SUPPORTS,"However, even in the presence of these findings, patients will not always have myocardial infarction/ischemia.","{""evidence_text"": ""However, even in the presence of these findings, patients will not always have myocardial infarction/ischemia."", ""chunk_index"": 0, ""knowledge_source"": ""https://link.springer.com/chapter/10.1007/978-3-030-40341-6_7"", ""section_title"": ""T Wave Inversion and ST Segment Depression"", ""paragraph_index"": 4}"
77,409,1726,1704,SUPPORTS,SUPPORTS,These ion concentration changes are responsible for peaked or “hyperacute” T waves that can sometimes be observed during acute myocardial infarction/ischemia.,"{""evidence_text"": ""These ion concentration changes are responsible for peaked or “hyperacute” T waves that can sometimes be observed during acute myocardial infarction/ischemia."", ""chunk_index"": 0, ""section_title"": ""T Wave Peaking"", ""knowledge_source"": ""https://link.springer.com/chapter/10.1007/978-3-030-40341-6_7"", ""paragraph_index"": 0}"
77,410,1726,1705,SUPPORTS,SUPPORTS,These ion concentration changes are responsible for peaked or “hyperacute” T waves that can sometimes be observed during acute myocardial infarction/ischemia.,"{""evidence_text"": ""These ion concentration changes are responsible for peaked or “hyperacute” T waves that can sometimes be observed during acute myocardial infarction/ischemia."", ""chunk_index"": 0, ""section_title"": ""T Wave Peaking"", ""knowledge_source"": ""https://link.springer.com/chapter/10.1007/978-3-030-40341-6_7"", ""paragraph_index"": 0}"
78,408,1728,1701,INDICATES,INDICATES,the relatively negative surface charge will result in depression of the resting TP segment...,"{""evidence_text"": ""the relatively negative surface charge will result in depression of the resting TP segment..."", ""chunk_index"": 0, ""section_title"": ""ST Segment Changes"", ""knowledge_source"": ""https://link.springer.com/chapter/10.1007/978-3-030-40341-6_7"", ""paragraph_index"": 2}"
79,408,1729,1701,SUPPORTS,SUPPORTS,One can think of the changes as 'an early and exaggerated upright T wave.',"{""evidence_text"": ""One can think of the changes as 'an early and exaggerated upright T wave.'"", ""chunk_index"": 0, ""section_title"": ""ST Segment Changes"", ""knowledge_source"": ""https://link.springer.com/chapter/10.1007/978-3-030-40341-6_7"", ""paragraph_index"": 3}"
80,410,1731,1705,SUPPORTS,SUPPORTS,ST depression (reciprocal changes) in leads that are looking at the injured area 'from a distance' through normal tissue.,"{""evidence_text"": ""ST depression (reciprocal changes) in leads that are looking at the injured area 'from a distance' through normal tissue."", ""chunk_index"": 0, ""section_title"": ""ST Segment Changes"", ""knowledge_source"": ""https://link.springer.com/chapter/10.1007/978-3-030-40341-6_7"", ""paragraph_index"": 5}"
81,380,1732,1626,INDICATES,INDICATES,"In most cases reciprocal ST segment depression is observed in V1 and V2 in the setting of an inferior wall myocardial infarction, since these leads are looking at the inferior wall through normal tissue.","{""evidence_text"": ""In most cases reciprocal ST segment depression is observed in V1 and V2 in the setting of an inferior wall myocardial infarction, since these leads are looking at the inferior wall through normal tissue."", ""chunk_index"": 0, ""section_title"": ""Right Ventricular Infarction"", ""knowledge_source"": ""https://link.springer.com/chapter/10.1007/978-3-030-40341-6_7"", ""paragraph_index"": 0}"
81,416,1732,1733,INDICATES,INDICATES,reciprocal ST segment depression is seen only in lead aVR in pericarditis.,"{""evidence_text"": ""reciprocal ST segment depression is seen only in lead aVR in pericarditis."", ""chunk_index"": 0, ""section_title"": ""ST Segment Changes"", ""knowledge_source"": ""https://link.springer.com/chapter/10.1007/978-3-030-40341-6_7"", ""paragraph_index"": 8}"
81,410,1732,1705,SUPPORTS,SUPPORTS,"Unless the anterior descending supplies the inferior apical walls, reciprocal ST segment depression will usually be observed in the inferior leads.","{""evidence_text"": ""Unless the anterior descending supplies the inferior apical walls, reciprocal ST segment depression will usually be observed in the inferior leads."", ""chunk_index"": 0, ""section_title"": ""Anterior Infarction"", ""knowledge_source"": ""https://link.springer.com/chapter/10.1007/978-3-030-40341-6_7"", ""paragraph_index"": 2}"
82,410,1734,1705,INDICATES,INDICATES,"However, one of the most important causes for an abnormal Q wave is myocardial infarction.","{""evidence_text"": ""However, one of the most important causes for an abnormal Q wave is myocardial infarction."", ""chunk_index"": 0, ""section_title"": ""Q Waves"", ""knowledge_source"": ""https://link.springer.com/chapter/10.1007/978-3-030-40341-6_7"", ""paragraph_index"": 0}"
82,410,1734,1705,IS_SPECIFIC_FOR,IS_SPECIFIC_FOR,"Abnormal Q waves due to myocardial infarction will be observed in a coronary artery distribution (inferior, anterior, or the lateral leads).","{""evidence_text"": ""Abnormal Q waves due to myocardial infarction will be observed in a coronary artery distribution (inferior, anterior, or the lateral leads)."", ""chunk_index"": 0, ""section_title"": ""Q Waves"", ""knowledge_source"": ""https://link.springer.com/chapter/10.1007/978-3-030-40341-6_7"", ""paragraph_index"": 0}"
83,408,1735,1701,SUPPORTS,SUPPORTS,"In leads that develop Q waves, an accompanying decrease in the amplitude of the R waves will sometimes be observed.","{""evidence_text"": ""In leads that develop Q waves, an accompanying decrease in the amplitude of the R waves will sometimes be observed."", ""chunk_index"": 1, ""section_title"": ""Q Waves"", ""knowledge_source"": ""https://link.springer.com/chapter/10.1007/978-3-030-40341-6_7"", ""paragraph_index"": 0}"
84,408,1738,1701,INDICATES,INDICATES,The ECG now shows T wave inversion and the development of Q waves in the inferior leads.,"{""evidence_text"": ""The ECG now shows T wave inversion and the development of Q waves in the inferior leads."", ""chunk_index"": 0, ""knowledge_source"": ""https://link.springer.com/chapter/10.1007/978-3-030-40341-6_7"", ""section_title"": ""Myocardial Infarction in the Presence of Bundle Branch Block"", ""paragraph_index"": 5}"
84,418,1738,1737,INDICATES,INDICATES,The ECG changes associated with non-STEMI infarctions can be subtle and include ST segment depression and T wave inversion.,"{""evidence_text"": ""The ECG changes associated with non-STEMI infarctions can be subtle and include ST segment depression and T wave inversion."", ""chunk_index"": 0, ""knowledge_source"": ""https://link.springer.com/chapter/10.1007/978-3-030-40341-6_7"", ""section_title"": ""T Wave Inversion and ST Segment Depression"", ""paragraph_index"": 0}"
84,410,1738,1705,SUPPORTS,SUPPORTS,"ST segment depression, T wave inversion, and sometimes no ECG changes may be seen.","{""evidence_text"": ""ST segment depression, T wave inversion, and sometimes no ECG changes may be seen."", ""chunk_index"": 0, ""section_title"": ""Key Points"", ""knowledge_source"": ""https://link.springer.com/chapter/10.1007/978-3-030-40341-6_7"", ""paragraph_index"": 4}"
84,410,1738,1705,INDICATES,INDICATES,There is some data to suggest that T wave inversion develops with reperfusion and that its presence is associated with an improved prognosis.,"{""evidence_text"": ""There is some data to suggest that T wave inversion develops with reperfusion and that its presence is associated with an improved prognosis."", ""chunk_index"": 0, ""knowledge_source"": ""https://link.springer.com/chapter/10.1007/978-3-030-40341-6_7"", ""section_title"": ""T Wave Inversion and ST Segment Depression"", ""paragraph_index"": 6}"
85,409,1739,1704,INDICATES,INDICATES,"First, ST segment depression associated with chest pain should always arouse suspicion of myocardial ischemia.","{""evidence_text"": ""First, ST segment depression associated with chest pain should always arouse suspicion of myocardial ischemia."", ""chunk_index"": 0, ""knowledge_source"": ""https://link.springer.com/chapter/10.1007/978-3-030-40341-6_7"", ""section_title"": ""T Wave Inversion and ST Segment Depression"", ""paragraph_index"": 2}"
86,419,1740,1741,INDICATES,INDICATES,"For example, isolated ST segment depression in the anterior leads V2 and V3 has been associated with occlusion of the circumflex, since the leads are looking at the damaged lateral wall through normal myocardium.","{""evidence_text"": ""For example, isolated ST segment depression in the anterior leads V2 and V3 has been associated with occlusion of the circumflex, since the leads are looking at the damaged lateral wall through normal myocardium."", ""chunk_index"": 0, ""knowledge_source"": ""https://link.springer.com/chapter/10.1007/978-3-030-40341-6_7"", ""section_title"": ""T Wave Inversion and ST Segment Depression"", ""paragraph_index"": 2}"
87,414,1742,1727,IS_SPECIFIC_FOR,IS_SPECIFIC_FOR,"If present, horizontal ST segment depression rather than downsloping ST segment depression is more characteristic for ischemia/infarction.","{""evidence_text"": ""If present, horizontal ST segment depression rather than downsloping ST segment depression is more characteristic for ischemia/infarction."", ""chunk_index"": 0, ""knowledge_source"": ""https://link.springer.com/chapter/10.1007/978-3-030-40341-6_7"", ""section_title"": ""T Wave Inversion and ST Segment Depression"", ""paragraph_index"": 2}"
88,409,1743,1704,SUPPORTS,SUPPORTS,"Second, ST segment depression associated with left ventricular hypertrophy is usually located in the lateral leads (I, aVL, V5, and V6).","{""evidence_text"": ""Second, ST segment depression associated with left ventricular hypertrophy is usually located in the lateral leads (I, aVL, V5, and V6)."", ""chunk_index"": 0, ""knowledge_source"": ""https://link.springer.com/chapter/10.1007/978-3-030-40341-6_7"", ""section_title"": ""T Wave Inversion and ST Segment Depression"", ""paragraph_index"": 2}"
89,371,1744,1600,INDICATES,INDICATES,"Finally, dynamic ST segment depression strongly suggests underlying ischemia with transient occlusion and reperfusion of a coronary artery.","{""evidence_text"": ""Finally, dynamic ST segment depression strongly suggests underlying ischemia with transient occlusion and reperfusion of a coronary artery."", ""chunk_index"": 1, ""knowledge_source"": ""https://link.springer.com/chapter/10.1007/978-3-030-40341-6_7"", ""section_title"": ""T Wave Inversion and ST Segment Depression"", ""paragraph_index"": 2}"
