src_id,rel_type,tgt_id,confidence,meta
1,STRONG_EVIDENCE_FOR,2,1.0,"{""evidence_text"": ""Of all of the ECG changes, ST segment elevation is the most prominent... help localize the specific region and amount of cardiac tissue being affected"", ""source"": ""https://link.springer.com/chapter/10.1007/978-3-030-40341-6_7"", ""section_title"": ""Abstract"", ""paragraph_index"": 0, ""chunk_index"": 0, ""data_source"": ""chapter_extraction_results.json""}"
3,STRONG_EVIDENCE_FOR,2,1.0,"{""evidence_text"": ""ST-segment elevation indicates myocardial injury."", ""source"": ""https://link.springer.com/chapter/10.1007/978-3-030-40341-6_7"", ""section_title"": ""ECG Changes in Acute Myocardial Infarction"", ""paragraph_index"": 1, ""chunk_index"": 0, ""data_source"": ""chapter_extraction_results.json""}"
4,STRONG_EVIDENCE_FOR,5,1.0,"{""evidence_text"": ""Reciprocal ST depression is indicative of transmural ischemia."", ""source"": ""https://link.springer.com/chapter/10.1007/978-3-030-40341-6_7"", ""section_title"": ""ECG Changes in Acute Myocardial Infarction"", ""paragraph_index"": 1, ""chunk_index"": 0, ""data_source"": ""chapter_extraction_results.json""}"
6,SPECIFIC_FOR,7,1.0,"{""evidence_text"": ""T-wave inversions are highly specific for myocardial ischemia."", ""source"": ""https://link.springer.com/chapter/10.1007/978-3-030-40341-6_7"", ""section_title"": ""ECG Changes in Acute Myocardial Infarction"", ""paragraph_index"": 1, ""chunk_index"": 0, ""data_source"": ""chapter_extraction_results.json""}"
8,STRONG_EVIDENCE_FOR,9,1.0,"{""evidence_text"": ""The presence of Q waves is a classic sign indicating myocardial infarction."", ""source"": ""https://link.springer.com/chapter/10.1007/978-3-030-40341-6_7"", ""section_title"": ""ECG Changes in Acute Myocardial Infarction"", ""paragraph_index"": 2, ""chunk_index"": 0, ""data_source"": ""chapter_extraction_results.json""}"
8,SPECIFIC_FOR,2,1.0,"{""evidence_text"": ""Q waves are highly specific for identifying myocardial injury."", ""source"": ""https://link.springer.com/chapter/10.1007/978-3-030-40341-6_7"", ""section_title"": ""ECG Changes in Acute Myocardial Infarction"", ""paragraph_index"": 2, ""chunk_index"": 0, ""data_source"": ""chapter_extraction_results.json""}"
1,STRONG_EVIDENCE_FOR,5,1.0,"{""evidence_text"": ""Abnormal ventricular repolarization: ST segment elevation..."", ""source"": ""https://link.springer.com/chapter/10.1007/978-3-030-40341-6_7"", ""section_title"": ""ECG Changes in Acute Myocardial Infarction"", ""paragraph_index"": 3, ""chunk_index"": 0, ""data_source"": ""chapter_extraction_results.json""}"
10,WEAK_EVIDENCE_FOR,2,1.0,"{""evidence_text"": ""Abnormal ventricular repolarization: ST segment depression..."", ""source"": ""https://link.springer.com/chapter/10.1007/978-3-030-40341-6_7"", ""section_title"": ""ECG Changes in Acute Myocardial Infarction"", ""paragraph_index"": 3, ""chunk_index"": 0, ""data_source"": ""chapter_extraction_results.json""}"
11,SPECIFIC_FOR,7,1.0,"{""evidence_text"": ""Abnormal ventricular repolarization: inverted T waves..."", ""source"": ""https://link.springer.com/chapter/10.1007/978-3-030-40341-6_7"", ""section_title"": ""ECG Changes in Acute Myocardial Infarction"", ""paragraph_index"": 3, ""chunk_index"": 0, ""data_source"": ""chapter_extraction_results.json""}"
12,STRONG_EVIDENCE_FOR,13,1.0,"{""evidence_text"": ""T wave peaking can sometimes be observed during acute myocardial infarction/ischemia."", ""source"": ""https://link.springer.com/chapter/10.1007/978-3-030-40341-6_7"", ""section_title"": ""T Wave Peaking"", ""paragraph_index"": 0, ""chunk_index"": 0, ""data_source"": ""chapter_extraction_results.json""}"
12,STRONG_EVIDENCE_FOR,7,1.0,"{""evidence_text"": ""T wave peaking can sometimes be observed during acute myocardial infarction/ischemia."", ""source"": ""https://link.springer.com/chapter/10.1007/978-3-030-40341-6_7"", ""section_title"": ""T Wave Peaking"", ""paragraph_index"": 0, ""chunk_index"": 0, ""data_source"": ""chapter_extraction_results.json""}"
12,SPECIFIC_FOR,14,1.0,"{""evidence_text"": ""These ion concentration changes are responsible for peaked or 'hyperacute' T waves that can sometimes be observed during acute myocardial infarction/ischemia."", ""source"": ""https://link.springer.com/chapter/10.1007/978-3-030-40341-6_7"", ""section_title"": ""T Wave Peaking"", ""paragraph_index"": 0, ""chunk_index"": 0, ""data_source"": ""chapter_extraction_results.json""}"
15,STRONG_EVIDENCE_FOR,16,1.0,"{""evidence_text"": ""Abnormalities in the ST segment, either elevation or depression, are the most commonly used ECG findings for the diagnosis of ischemia/infarction."", ""source"": ""https://link.springer.com/chapter/10.1007/978-3-030-40341-6_7"", ""section_title"": ""ST Segment Changes"", ""paragraph_index"": 0, ""chunk_index"": 0, ""data_source"": ""chapter_extraction_results.json""}"
1,STRONG_EVIDENCE_FOR,2,1.0,"{""evidence_text"": ""In the setting of a myocardial infarction associated with ST segment elevation..."", ""source"": ""https://link.springer.com/chapter/10.1007/978-3-030-40341-6_7"", ""section_title"": ""ST Segment Changes"", ""paragraph_index"": 2, ""chunk_index"": 0, ""data_source"": ""chapter_extraction_results.json""}"
17,WEAK_EVIDENCE_FOR,2,1.0,"{""evidence_text"": ""ST segment depressions are usually called 'reciprocal changes' in order to emphasize that both the ST segment elevation and depression arise from the same process."", ""source"": ""https://link.springer.com/chapter/10.1007/978-3-030-40341-6_7"", ""section_title"": ""ST Segment Changes"", ""paragraph_index"": 2, ""chunk_index"": 0, ""data_source"": ""chapter_extraction_results.json""}"
1,STRONG_EVIDENCE_FOR,2,1.0,"{""evidence_text"": ""ST segment elevation during myocardial infarction is a complex process."", ""source"": ""https://link.springer.com/chapter/10.1007/978-3-030-40341-6_7"", ""section_title"": ""ST Segment Changes"", ""paragraph_index"": 4, ""chunk_index"": 0, ""data_source"": ""chapter_extraction_results.json""}"
1,STRONG_EVIDENCE_FOR,9,1.0,"{""evidence_text"": ""Complete and sustained occlusion of a coronary artery with development of a myocardial infarction will lead to ST segment elevation in the electrodes that are overlying the injured area."", ""source"": ""https://link.springer.com/chapter/10.1007/978-3-030-40341-6_7"", ""section_title"": ""ST Segment Changes"", ""paragraph_index"": 5, ""chunk_index"": 0, ""data_source"": ""chapter_extraction_results.json""}"
18,WEAK_EVIDENCE_FOR,9,1.0,"{""evidence_text"": ""ST depression (reciprocal changes) in leads that are looking at the injured area 'from a distance' through normal tissue."", ""source"": ""https://link.springer.com/chapter/10.1007/978-3-030-40341-6_7"", ""section_title"": ""ST Segment Changes"", ""paragraph_index"": 5, ""chunk_index"": 0, ""data_source"": ""chapter_extraction_results.json""}"
17,SPECIFIC_FOR,9,1.0,"{""evidence_text"": ""The presence of reciprocal changes in the setting of localized ST segment elevation is a very specific finding for myocardial infarction (> 90%)."", ""source"": ""https://link.springer.com/chapter/10.1007/978-3-030-40341-6_7"", ""section_title"": ""ST Segment Changes"", ""paragraph_index"": 8, ""chunk_index"": 0, ""data_source"": ""chapter_extraction_results.json""}"
17,WEAK_EVIDENCE_FOR,19,1.0,"{""evidence_text"": ""reciprocal ST segment depression is seen only in lead aVR in pericarditis and is usually not observed in early repolarization."", ""source"": ""https://link.springer.com/chapter/10.1007/978-3-030-40341-6_7"", ""section_title"": ""ST Segment Changes"", ""paragraph_index"": 8, ""chunk_index"": 0, ""data_source"": ""chapter_extraction_results.json""}"
20,STRONG_EVIDENCE_FOR,2,1.0,"{""evidence_text"": ""Coexistence of ST segment elevation and ST segment depression (reciprocal changes) in a 12-lead ECG should always arouse suspicion of myocardial injury."", ""source"": ""https://link.springer.com/chapter/10.1007/978-3-030-40341-6_7"", ""section_title"": ""ST Segment Changes"", ""paragraph_index"": 9, ""chunk_index"": 0, ""data_source"": ""chapter_extraction_results.json""}"
21,SPECIFIC_FOR,9,1.0,"{""evidence_text"": ""However, one of the most important causes for an abnormal Q wave is myocardial infarction."", ""source"": ""https://link.springer.com/chapter/10.1007/978-3-030-40341-6_7"", ""section_title"": ""Q Waves"", ""paragraph_index"": 0, ""chunk_index"": 0, ""data_source"": ""chapter_extraction_results.json""}"
22,STRONG_EVIDENCE_FOR,2,1.0,"{""evidence_text"": ""Q waves can develop within the first few minutes/hours of myocardial injury"", ""source"": ""https://link.springer.com/chapter/10.1007/978-3-030-40341-6_7"", ""section_title"": ""Q Waves"", ""paragraph_index"": 0, ""chunk_index"": 1, ""data_source"": ""chapter_extraction_results.json""}"
23,WEAK_EVIDENCE_FOR,2,1.0,"{""evidence_text"": ""an accompanying decrease in the amplitude of the R waves will sometimes be observed"", ""source"": ""https://link.springer.com/chapter/10.1007/978-3-030-40341-6_7"", ""section_title"": ""Q Waves"", ""paragraph_index"": 0, ""chunk_index"": 1, ""data_source"": ""chapter_extraction_results.json""}"
24,STRONG_EVIDENCE_FOR,9,1.0,"{""evidence_text"": ""Q waves can be observed in the acute process of a myocardial infarction."", ""source"": ""https://link.springer.com/chapter/10.1007/978-3-030-40341-6_7"", ""section_title"": ""Q Waves"", ""paragraph_index"": 1, ""chunk_index"": 0, ""data_source"": ""chapter_extraction_results.json""}"
1,STRONG_EVIDENCE_FOR,25,1.0,"{""evidence_text"": ""myocardial infarctions are usually classified by whether ST segment elevation is present (ST segment elevation myocardial infarction or STEMI)"", ""source"": ""https://link.springer.com/chapter/10.1007/978-3-030-40341-6_7"", ""section_title"": ""T Wave Inversion and ST Segment Depression"", ""paragraph_index"": 0, ""chunk_index"": 0, ""data_source"": ""chapter_extraction_results.json""}"
10,STRONG_EVIDENCE_FOR,26,1.0,"{""evidence_text"": ""The ECG changes associated with non-STEMI infarctions can be subtle and include ST segment depression"", ""source"": ""https://link.springer.com/chapter/10.1007/978-3-030-40341-6_7"", ""section_title"": ""T Wave Inversion and ST Segment Depression"", ""paragraph_index"": 0, ""chunk_index"": 0, ""data_source"": ""chapter_extraction_results.json""}"
27,STRONG_EVIDENCE_FOR,26,1.0,"{""evidence_text"": ""The ECG changes associated with non-STEMI infarctions can be subtle and include T wave inversion"", ""source"": ""https://link.springer.com/chapter/10.1007/978-3-030-40341-6_7"", ""section_title"": ""T Wave Inversion and ST Segment Depression"", ""paragraph_index"": 0, ""chunk_index"": 0, ""data_source"": ""chapter_extraction_results.json""}"
28,STRONG_EVIDENCE_FOR,7,1.0,"{""evidence_text"": ""ST segment depression associated with chest pain should always arouse suspicion of myocardial ischemia."", ""source"": ""https://link.springer.com/chapter/10.1007/978-3-030-40341-6_7"", ""section_title"": ""T Wave Inversion and ST Segment Depression"", ""paragraph_index"": 2, ""chunk_index"": 0, ""data_source"": ""chapter_extraction_results.json""}"
29,WEAK_EVIDENCE_FOR,7,1.0,"{""evidence_text"": ""isolated ST segment depression in the anterior leads V2 and V3 has been associated with occlusion of the circumflex."", ""source"": ""https://link.springer.com/chapter/10.1007/978-3-030-40341-6_7"", ""section_title"": ""T Wave Inversion and ST Segment Depression"", ""paragraph_index"": 2, ""chunk_index"": 0, ""data_source"": ""chapter_extraction_results.json""}"
30,SPECIFIC_FOR,9,1.0,"{""evidence_text"": ""horizontal ST segment depression... is more characteristic for ischemia/infarction."", ""source"": ""https://link.springer.com/chapter/10.1007/978-3-030-40341-6_7"", ""section_title"": ""T Wave Inversion and ST Segment Depression"", ""paragraph_index"": 2, ""chunk_index"": 0, ""data_source"": ""chapter_extraction_results.json""}"
31,STRONG_EVIDENCE_FOR,7,1.0,"{""evidence_text"": ""Finally, dynamic ST segment depression strongly suggests underlying ischemia with transient occlusion and reperfusion of a coronary artery."", ""source"": ""https://link.springer.com/chapter/10.1007/978-3-030-40341-6_7"", ""section_title"": ""T Wave Inversion and ST Segment Depression"", ""paragraph_index"": 2, ""chunk_index"": 1, ""data_source"": ""chapter_extraction_results.json""}"
32,WEAK_EVIDENCE_FOR,7,1.0,"{""evidence_text"": ""Notice that the ECG obtained during chest pain also has subtle ST segment depression in V3 –V6"", ""source"": ""https://link.springer.com/chapter/10.1007/978-3-030-40341-6_7"", ""section_title"": ""T Wave Inversion and ST Segment Depression"", ""paragraph_index"": 2, ""chunk_index"": 1, ""data_source"": ""chapter_extraction_results.json""}"
33,STRONG_EVIDENCE_FOR,2,1.0,"{""evidence_text"": ""deeply inverted T waves in the setting of myocardial injury/ischemia usually suggest the presence of viable myocardium and usually portend a better prognosis."", ""source"": ""https://link.springer.com/chapter/10.1007/978-3-030-40341-6_7"", ""section_title"": ""T Wave Inversion and ST Segment Depression"", ""paragraph_index"": 5, ""chunk_index"": 0, ""data_source"": ""chapter_extraction_results.json""}"
33,SPECIFIC_FOR,9,1.0,"{""evidence_text"": ""deep symmetric T wave inversion in the anterior chest leads (V2 and V3) can be associated with significant narrowing in the left anterior descending artery and is sometimes called Wellens’ sign."", ""source"": ""https://link.springer.com/chapter/10.1007/978-3-030-40341-6_7"", ""section_title"": ""T Wave Inversion and ST Segment Depression"", ""paragraph_index"": 5, ""chunk_index"": 0, ""data_source"": ""chapter_extraction_results.json""}"
34,SPECIFIC_FOR,9,1.0,"{""evidence_text"": ""The presence of T wave inversion with concomitant ST segment elevation would be a very unusual finding in pericarditis and should arouse suspicion of a myocardial infarction."", ""source"": ""https://link.springer.com/chapter/10.1007/978-3-030-40341-6_7"", ""section_title"": ""T Wave Inversion and ST Segment Depression"", ""paragraph_index"": 6, ""chunk_index"": 0, ""data_source"": ""chapter_extraction_results.json""}"
35,STRONG_EVIDENCE_FOR,36,1.0,"{""evidence_text"": ""The presence of ST segment elevation in two adjacent leads is used for the diagnosis of an anterior myocardial infarction."", ""source"": ""https://link.springer.com/chapter/10.1007/978-3-030-40341-6_7"", ""section_title"": ""Anterior Infarction"", ""paragraph_index"": 0, ""chunk_index"": 0, ""data_source"": ""chapter_extraction_results.json""}"
37,SPECIFIC_FOR,36,1.0,"{""evidence_text"": ""If the blockage is past the first diagonal branch, ST segment elevation will normally be present in V3 through V5."", ""source"": ""https://link.springer.com/chapter/10.1007/978-3-030-40341-6_7"", ""section_title"": ""Anterior Infarction"", ""paragraph_index"": 0, ""chunk_index"": 0, ""data_source"": ""chapter_extraction_results.json""}"
38,STRONG_EVIDENCE_FOR,2,1.0,"{""evidence_text"": ""Thus the general location of the coronary occlusion and the myocardium at risk can be estimated by the extent of ST segment elevation."", ""source"": ""https://link.springer.com/chapter/10.1007/978-3-030-40341-6_7"", ""section_title"": ""Anterior Infarction"", ""paragraph_index"": 0, ""chunk_index"": 1, ""data_source"": ""chapter_extraction_results.json""}"
38,STRONG_EVIDENCE_FOR,5,1.0,"{""evidence_text"": ""Thus the general location of the coronary occlusion and the myocardium at risk can be estimated by the extent of ST segment elevation."", ""source"": ""https://link.springer.com/chapter/10.1007/978-3-030-40341-6_7"", ""section_title"": ""Anterior Infarction"", ""paragraph_index"": 0, ""chunk_index"": 1, ""data_source"": ""chapter_extraction_results.json""}"
39,STRONG_EVIDENCE_FOR,2,1.0,"{""evidence_text"": ""occlusion of the left anterior descending can be associated with anterior ST segment elevation"", ""source"": ""https://link.springer.com/chapter/10.1007/978-3-030-40341-6_7"", ""section_title"": ""Anterior Infarction"", ""paragraph_index"": 1, ""chunk_index"": 0, ""data_source"": ""chapter_extraction_results.json""}"
40,STRONG_EVIDENCE_FOR,2,1.0,"{""evidence_text"": ""occlusion of the left anterior descending can be associated with [...] ST segment elevation in the inferior leads"", ""source"": ""https://link.springer.com/chapter/10.1007/978-3-030-40341-6_7"", ""section_title"": ""Anterior Infarction"", ""paragraph_index"": 1, ""chunk_index"": 0, ""data_source"": ""chapter_extraction_results.json""}"
24,SPECIFIC_FOR,9,1.0,"{""evidence_text"": ""Q waves were generally thought to represent irreversible damage to the heart and a relatively late manifestation of myocardial infarction."", ""source"": ""https://link.springer.com/chapter/10.1007/978-3-030-40341-6_7"", ""section_title"": ""Anterior Infarction"", ""paragraph_index"": 3, ""chunk_index"": 0, ""data_source"": ""chapter_extraction_results.json""}"
41,STRONG_EVIDENCE_FOR,42,1.0,"{""evidence_text"": ""Occlusion of the right coronary artery will cause injury to the inferior wall of the heart and lead to ST segment elevation in the inferior leads (II, III, and aVF)."", ""source"": ""https://link.springer.com/chapter/10.1007/978-3-030-40341-6_7"", ""section_title"": ""Inferior Myocardial Infarction"", ""paragraph_index"": 0, ""chunk_index"": 0, ""data_source"": ""chapter_extraction_results.json""}"
43,STRONG_EVIDENCE_FOR,42,1.0,"{""evidence_text"": ""In addition, reciprocal ST depression is usually prominently seen in I and aVL, since these lateral leads 'look' at the infarcted region through normal tissue."", ""source"": ""https://link.springer.com/chapter/10.1007/978-3-030-40341-6_7"", ""section_title"": ""Inferior Myocardial Infarction"", ""paragraph_index"": 0, ""chunk_index"": 0, ""data_source"": ""chapter_extraction_results.json""}"
44,SPECIFIC_FOR,45,1.0,"{""evidence_text"": ""In patients where the inferior wall myocardial infarction is due to occlusion of the right coronary artery, the ST segment elevation in lead III is usually more prominent than that in lead II."", ""source"": ""https://link.springer.com/chapter/10.1007/978-3-030-40341-6_7"", ""section_title"": ""Inferior Myocardial Infarction"", ""paragraph_index"": 0, ""chunk_index"": 0, ""data_source"": ""chapter_extraction_results.json""}"
46,STRONG_EVIDENCE_FOR,47,1.0,"{""evidence_text"": ""By ECG criteria, a posterior myocardial infarction is present when a prominent R wave is noted in lead V1."", ""source"": ""https://link.springer.com/chapter/10.1007/978-3-030-40341-6_7"", ""section_title"": ""Inferior Myocardial Infarction"", ""paragraph_index"": 1, ""chunk_index"": 0, ""data_source"": ""chapter_extraction_results.json""}"
48,WEAK_EVIDENCE_FOR,47,1.0,"{""evidence_text"": ""In addition to the prominent R wave, posterior myocardial infarction is usually associated with significant ST segment depression and an upright T wave."", ""source"": ""https://link.springer.com/chapter/10.1007/978-3-030-40341-6_7"", ""section_title"": ""Inferior Myocardial Infarction"", ""paragraph_index"": 1, ""chunk_index"": 0, ""data_source"": ""chapter_extraction_results.json""}"
40,STRONG_EVIDENCE_FOR,2,1.0,"{""evidence_text"": ""Mr. Arbuckle has ST segment elevation in the inferior leads."", ""source"": ""https://link.springer.com/chapter/10.1007/978-3-030-40341-6_7"", ""section_title"": ""Inferior Myocardial Infarction"", ""paragraph_index"": 2, ""chunk_index"": 0, ""data_source"": ""chapter_extraction_results.json""}"
49,SPECIFIC_FOR,5,1.0,"{""evidence_text"": ""Accompanying reciprocal ST depression in aVL suggests that the occlusion is in the right coronary artery."", ""source"": ""https://link.springer.com/chapter/10.1007/978-3-030-40341-6_7"", ""section_title"": ""Inferior Myocardial Infarction"", ""paragraph_index"": 2, ""chunk_index"": 0, ""data_source"": ""chapter_extraction_results.json""}"
50,STRONG_EVIDENCE_FOR,42,1.0,"{""evidence_text"": ""occlusion of the right coronary artery will often lead to ST segment elevation in the inferior and lateral leads"", ""source"": ""https://link.springer.com/chapter/10.1007/978-3-030-40341-6_7"", ""section_title"": ""Lateral Myocardial Infarction"", ""paragraph_index"": 2, ""chunk_index"": 0, ""data_source"": ""chapter_extraction_results.json""}"
51,SPECIFIC_FOR,52,1.0,"{""evidence_text"": ""occlusion of the circumflex coronary artery will also lead to inferolateral ST segment elevation...is associated with absent reciprocal changes in leads I and aVL"", ""source"": ""https://link.springer.com/chapter/10.1007/978-3-030-40341-6_7"", ""section_title"": ""Lateral Myocardial Infarction"", ""paragraph_index"": 2, ""chunk_index"": 0, ""data_source"": ""chapter_extraction_results.json""}"
53,SPECIFIC_FOR,45,1.0,"{""evidence_text"": ""In an inferior wall myocardial infarction due to right coronary artery occlusion, equal ST segment elevation is observed in II, aVF, and III"", ""source"": ""https://link.springer.com/chapter/10.1007/978-3-030-40341-6_7"", ""section_title"": ""Lateral Myocardial Infarction"", ""paragraph_index"": 2, ""chunk_index"": 0, ""data_source"": ""chapter_extraction_results.json""}"
54,SPECIFIC_FOR,42,1.0,"{""evidence_text"": ""in an inferior wall myocardial infarction due to occlusion of the circumflex artery, ST segment elevation is more prominent in lead II"", ""source"": ""https://link.springer.com/chapter/10.1007/978-3-030-40341-6_7"", ""section_title"": ""Lateral Myocardial Infarction"", ""paragraph_index"": 2, ""chunk_index"": 1, ""data_source"": ""chapter_extraction_results.json""}"
55,STRONG_EVIDENCE_FOR,56,1.0,"{""evidence_text"": ""if a proximal occlusion of the right coronary artery causes both an inferior wall and right ventricular infarction, lack of reciprocal changes or even frank ST segment elevation will be observed in leads V1 and V2 due to injury of the right ventricle."", ""source"": ""https://link.springer.com/chapter/10.1007/978-3-030-40341-6_7"", ""section_title"": ""Right Ventricular Infarction"", ""paragraph_index"": 0, ""chunk_index"": 0, ""data_source"": ""chapter_extraction_results.json""}"
57,STRONG_EVIDENCE_FOR,56,1.0,"{""evidence_text"": ""if a proximal occlusion of the right coronary artery causes both an inferior wall and right ventricular infarction, lack of reciprocal changes or even frank ST segment elevation will be observed in leads V1 and V2 due to injury of the right ventricle."", ""source"": ""https://link.springer.com/chapter/10.1007/978-3-030-40341-6_7"", ""section_title"": ""Right Ventricular Infarction"", ""paragraph_index"": 0, ""chunk_index"": 0, ""data_source"": ""chapter_extraction_results.json""}"
58,SPECIFIC_FOR,59,1.0,"{""evidence_text"": ""ST segment elevation in RV4 is an excellent ECG sign for the presence of a right ventricular infarction."", ""source"": ""https://link.springer.com/chapter/10.1007/978-3-030-40341-6_7"", ""section_title"": ""Right Ventricular Infarction"", ""paragraph_index"": 1, ""chunk_index"": 0, ""data_source"": ""chapter_extraction_results.json""}"
60,WEAK_EVIDENCE_FOR,59,1.0,"{""evidence_text"": ""If the reciprocal ST depression is less than expected, one should consider the presence of a right ventricular infarction."", ""source"": ""https://link.springer.com/chapter/10.1007/978-3-030-40341-6_7"", ""section_title"": ""Right Ventricular Infarction"", ""paragraph_index"": 2, ""chunk_index"": 0, ""data_source"": ""chapter_extraction_results.json""}"
60,WEAK_EVIDENCE_FOR,61,1.0,"{""evidence_text"": ""Conversely, if the reciprocal ST depression in V1 and V2 is more prominent than the inferior ST segment elevation, accompanying posterior wall myocardial infarction should be considered."", ""source"": ""https://link.springer.com/chapter/10.1007/978-3-030-40341-6_7"", ""section_title"": ""Right Ventricular Infarction"", ""paragraph_index"": 2, ""chunk_index"": 0, ""data_source"": ""chapter_extraction_results.json""}"
40,STRONG_EVIDENCE_FOR,42,1.0,"{""evidence_text"": ""It is important that any time an inferior wall myocardial infarction is present, the presence of accompanying right ventricular infarction or extension to the posterior wall should be considered."", ""source"": ""https://link.springer.com/chapter/10.1007/978-3-030-40341-6_7"", ""section_title"": ""Right Ventricular Infarction"", ""paragraph_index"": 2, ""chunk_index"": 0, ""data_source"": ""chapter_extraction_results.json""}"
62,SPECIFIC_FOR,63,1.0,"{""evidence_text"": ""Thus isolated ST segment elevation in aVR should raise concern for occlusion or narrowing of the left main coronary artery."", ""source"": ""https://link.springer.com/chapter/10.1007/978-3-030-40341-6_7"", ""section_title"": ""Left Main"", ""paragraph_index"": 0, ""chunk_index"": 0, ""data_source"": ""chapter_extraction_results.json""}"
64,STRONG_EVIDENCE_FOR,65,1.0,"{""evidence_text"": ""diffuse ST segment depression is often observed... Obstruction of the left main results in diffuse ischemia of the left ventricle."", ""source"": ""https://link.springer.com/chapter/10.1007/978-3-030-40341-6_7"", ""section_title"": ""Left Main"", ""paragraph_index"": 0, ""chunk_index"": 0, ""data_source"": ""chapter_extraction_results.json""}"
66,STRONG_EVIDENCE_FOR,5,1.0,"{""evidence_text"": ""ST segment elevation will be observed in V1 with occlusion of the left main artery."", ""source"": ""https://link.springer.com/chapter/10.1007/978-3-030-40341-6_7"", ""section_title"": ""Left Main"", ""paragraph_index"": 0, ""chunk_index"": 1, ""data_source"": ""chapter_extraction_results.json""}"
67,STRONG_EVIDENCE_FOR,13,1.0,"{""evidence_text"": ""The most diagnostic finding is the presence of ≥1 mm ST segment elevation associated with a positive QRS complex."", ""source"": ""https://link.springer.com/chapter/10.1007/978-3-030-40341-6_7"", ""section_title"": ""Myocardial Infarction in the Presence of Bundle Branch Block"", ""paragraph_index"": 0, ""chunk_index"": 0, ""data_source"": ""chapter_extraction_results.json""}"
68,STRONG_EVIDENCE_FOR,69,1.0,"{""evidence_text"": ""ST segment depression ≥1 mm in the right precordial leads (V1 through V3) should arouse suspicion of myocardial ischemia/infarction in a patient complaining of chest pain."", ""source"": ""https://link.springer.com/chapter/10.1007/978-3-030-40341-6_7"", ""section_title"": ""Myocardial Infarction in the Presence of Bundle Branch Block"", ""paragraph_index"": 0, ""chunk_index"": 0, ""data_source"": ""chapter_extraction_results.json""}"
70,WEAK_EVIDENCE_FOR,9,1.0,"{""evidence_text"": ""Exaggerated ST segment elevation (≥5 mm) should also arouse suspicion of a myocardial infarction, but this is the weakest criteria for myocardial infarction."", ""source"": ""https://link.springer.com/chapter/10.1007/978-3-030-40341-6_7"", ""section_title"": ""Myocardial Infarction in the Presence of Bundle Branch Block"", ""paragraph_index"": 1, ""chunk_index"": 0, ""data_source"": ""chapter_extraction_results.json""}"
71,SPECIFIC_FOR,72,1.0,"{""evidence_text"": ""the presence of a Q wave (> 30 ms) in two or more lateral leads (I, aVL, V5, or V6) is a fairly specific finding for the presence of a remote anterior myocardial infarction"", ""source"": ""https://link.springer.com/chapter/10.1007/978-3-030-40341-6_7"", ""section_title"": ""Myocardial Infarction in the Presence of Bundle Branch Block"", ""paragraph_index"": 2, ""chunk_index"": 0, ""data_source"": ""chapter_extraction_results.json""}"
73,STRONG_EVIDENCE_FOR,9,1.0,"{""evidence_text"": ""any significant ST segment elevation in a patient with chest pain should arouse suspicion for the presence of a myocardial infarction."", ""source"": ""https://link.springer.com/chapter/10.1007/978-3-030-40341-6_7"", ""section_title"": ""Myocardial Infarction in the Presence of Bundle Branch Block"", ""paragraph_index"": 3, ""chunk_index"": 0, ""data_source"": ""chapter_extraction_results.json""}"
74,STRONG_EVIDENCE_FOR,2,1.0,"{""evidence_text"": ""ST segment changes in the same direction as the QRS complex."", ""source"": ""https://link.springer.com/chapter/10.1007/978-3-030-40341-6_7"", ""section_title"": ""Myocardial Infarction in the Presence of Bundle Branch Block"", ""paragraph_index"": 4, ""chunk_index"": 0, ""data_source"": ""chapter_extraction_results.json""}"
75,STRONG_EVIDENCE_FOR,5,1.0,"{""evidence_text"": ""Exaggerated ST segment elevation (>5 mm)."", ""source"": ""https://link.springer.com/chapter/10.1007/978-3-030-40341-6_7"", ""section_title"": ""Myocardial Infarction in the Presence of Bundle Branch Block"", ""paragraph_index"": 4, ""chunk_index"": 0, ""data_source"": ""chapter_extraction_results.json""}"
76,STRONG_EVIDENCE_FOR,77,1.0,"{""evidence_text"": ""Presence of Q waves in two of the lateral leads (I, aVL, V5, V6)."", ""source"": ""https://link.springer.com/chapter/10.1007/978-3-030-40341-6_7"", ""section_title"": ""Myocardial Infarction in the Presence of Bundle Branch Block"", ""paragraph_index"": 4, ""chunk_index"": 0, ""data_source"": ""chapter_extraction_results.json""}"
78,STRONG_EVIDENCE_FOR,2,1.0,"{""evidence_text"": ""The ECG now shows T wave inversion and the development of Q waves in the inferior leads."", ""source"": ""https://link.springer.com/chapter/10.1007/978-3-030-40341-6_7"", ""section_title"": ""Myocardial Infarction in the Presence of Bundle Branch Block"", ""paragraph_index"": 5, ""chunk_index"": 0, ""data_source"": ""chapter_extraction_results.json""}"
79,SPECIFIC_FOR,5,1.0,"{""evidence_text"": ""The ECG now shows T wave inversion and the development of Q waves in the inferior leads."", ""source"": ""https://link.springer.com/chapter/10.1007/978-3-030-40341-6_7"", ""section_title"": ""Myocardial Infarction in the Presence of Bundle Branch Block"", ""paragraph_index"": 5, ""chunk_index"": 0, ""data_source"": ""chapter_extraction_results.json""}"
1,STRONG_EVIDENCE_FOR,9,1.0,"{""evidence_text"": ""ST segment elevation is an ECG sign of complete coronary artery occlusion and myocardial infarction."", ""source"": ""https://link.springer.com/chapter/10.1007/978-3-030-40341-6_7"", ""section_title"": ""Key Points"", ""paragraph_index"": 0, ""chunk_index"": 0, ""data_source"": ""chapter_extraction_results.json""}"
1,STRONG_EVIDENCE_FOR,9,1.0,"{""evidence_text"": ""ST segment elevation due to myocardial infarction can generally be 'localized' to a specific region of the heart supplied by a particular coronary artery."", ""source"": ""https://link.springer.com/chapter/10.1007/978-3-030-40341-6_7"", ""section_title"": ""Key Points"", ""paragraph_index"": 1, ""chunk_index"": 0, ""data_source"": ""chapter_extraction_results.json""}"
80,STRONG_EVIDENCE_FOR,42,1.0,"{""evidence_text"": ""Inferior wall myocardial infarction is characterized by ST segment elevation in leads II, III, and aVF."", ""source"": ""https://link.springer.com/chapter/10.1007/978-3-030-40341-6_7"", ""section_title"": ""Infarction Type and ECG Changes"", ""paragraph_index"": 0, ""chunk_index"": 0, ""data_source"": ""chapter_extraction_results.json""}"
43,STRONG_EVIDENCE_FOR,81,1.0,"{""evidence_text"": ""right coronary artery involvement is associated with reciprocal ST depression in leads I and aVL."", ""source"": ""https://link.springer.com/chapter/10.1007/978-3-030-40341-6_7"", ""section_title"": ""Infarction Type and ECG Changes"", ""paragraph_index"": 0, ""chunk_index"": 0, ""data_source"": ""chapter_extraction_results.json""}"
82,STRONG_EVIDENCE_FOR,83,1.0,"{""evidence_text"": ""circumflex artery involvement is suggested by the absence of reciprocal ST depression in I and aVL."", ""source"": ""https://link.springer.com/chapter/10.1007/978-3-030-40341-6_7"", ""section_title"": ""Infarction Type and ECG Changes"", ""paragraph_index"": 0, ""chunk_index"": 0, ""data_source"": ""chapter_extraction_results.json""}"
84,STRONG_EVIDENCE_FOR,85,1.0,"{""evidence_text"": ""Lateral wall myocardial infarction is associated with ST segment elevation in leads I, aVL, V5, and V6."", ""source"": ""https://link.springer.com/chapter/10.1007/978-3-030-40341-6_7"", ""section_title"": ""Infarction Type and ECG Changes"", ""paragraph_index"": 1, ""chunk_index"": 0, ""data_source"": ""chapter_extraction_results.json""}"
86,STRONG_EVIDENCE_FOR,87,1.0,"{""evidence_text"": ""Anterior wall myocardial infarction presents with ST segment elevation in the precordial leads V1, V2, V3, and V4."", ""source"": ""https://link.springer.com/chapter/10.1007/978-3-030-40341-6_7"", ""section_title"": ""Infarction Type and ECG Changes"", ""paragraph_index"": 2, ""chunk_index"": 0, ""data_source"": ""chapter_extraction_results.json""}"
88,WEAK_EVIDENCE_FOR,89,1.0,"{""evidence_text"": ""ECG interpretation should include assessment of whether the lesion is proximal, which may be indicated by ST segment elevation in leads I and aVL."", ""source"": ""https://link.springer.com/chapter/10.1007/978-3-030-40341-6_7"", ""section_title"": ""Infarction Type and ECG Changes"", ""paragraph_index"": 2, ""chunk_index"": 0, ""data_source"": ""chapter_extraction_results.json""}"
80,WEAK_EVIDENCE_FOR,90,1.0,"{""evidence_text"": ""Involvement of the inferior apex should also be considered, as suggested by ST segment elevation in leads II, III, and aVF."", ""source"": ""https://link.springer.com/chapter/10.1007/978-3-030-40341-6_7"", ""section_title"": ""Infarction Type and ECG Changes"", ""paragraph_index"": 2, ""chunk_index"": 0, ""data_source"": ""chapter_extraction_results.json""}"
91,STRONG_EVIDENCE_FOR,92,1.0,"{""evidence_text"": ""Left main coronary artery involvement is suggested by ST segment elevation in leads aVR and V1, accompanied by diffuse ST segment depression in the inferolateral leads."", ""source"": ""https://link.springer.com/chapter/10.1007/978-3-030-40341-6_7"", ""section_title"": ""Infarction Type and ECG Changes"", ""paragraph_index"": 3, ""chunk_index"": 0, ""data_source"": ""chapter_extraction_results.json""}"
1,STRONG_EVIDENCE_FOR,93,1.0,"{""evidence_text"": ""Among these, ST segment elevation is of particular clinical importance, as it defines ST elevation myocardial infarction (STEMI)."", ""source"": ""https://link.springer.com/chapter/10.1007/978-3-030-40341-6_7"", ""section_title"": ""Review"", ""paragraph_index"": 0, ""chunk_index"": 0, ""data_source"": ""chapter_extraction_results.json""}"
1,STRONG_EVIDENCE_FOR,9,1.0,"{""evidence_text"": ""Electrocardiographic findings associated with myocardial infarction encompass a range of abnormalities, including ST segment elevation."", ""source"": ""https://link.springer.com/chapter/10.1007/978-3-030-40341-6_7"", ""section_title"": ""Review"", ""paragraph_index"": 0, ""chunk_index"": 0, ""data_source"": ""chapter_extraction_results.json""}"
94,HAS_LABEL,95,1.0,"{""scp_code"": ""IMI"", ""label_text"": ""inferior myocardial infarction"", ""statement_category"": ""Myocardial Infarction"", ""data_source"": ""ptbxl_scp_to_book_disease.json""}"
94,MAPS_TO,90,0.8334211707115173,"{""scp_code"": ""IMI"", ""node_text"": ""Inferior wall myocardial infarction"", ""reason"": ""same disease, wording variation"", ""rank"": 1, ""similarity"": 0.8334211707115173, ""edge_type"": ""RELATED_TO"", ""data_source"": ""ptbxl_scp_to_book_disease.json""}"
94,MAPS_TO,42,0.8056627511978149,"{""scp_code"": ""IMI"", ""node_text"": ""Inferior Wall Myocardial Infarction"", ""reason"": ""same disease, wording variation"", ""rank"": 2, ""similarity"": 0.8056627511978149, ""edge_type"": ""RELATED_TO"", ""data_source"": ""ptbxl_scp_to_book_disease.json""}"
94,SUPERTYPE_OF,9,0.7585110664367676,"{""scp_code"": ""IMI"", ""node_text"": ""Myocardial Infarction"", ""reason"": ""query is a subtype"", ""rank"": 3, ""similarity"": 0.7585110664367676, ""edge_type"": ""RELATED_TO"", ""data_source"": ""ptbxl_scp_to_book_disease.json""}"
94,SUPERTYPE_OF,13,0.6545954942703247,"{""scp_code"": ""IMI"", ""node_text"": ""Acute Myocardial Infarction"", ""reason"": ""query is a subtype"", ""rank"": 8, ""similarity"": 0.6545954942703247, ""edge_type"": ""RELATED_TO"", ""data_source"": ""ptbxl_scp_to_book_disease.json""}"
96,HAS_LABEL,97,1.0,"{""scp_code"": ""ASMI"", ""label_text"": ""anteroseptal myocardial infarction"", ""statement_category"": ""Myocardial Infarction"", ""data_source"": ""ptbxl_scp_to_book_disease.json""}"
96,SUPERTYPE_OF,9,0.6211402416229248,"{""scp_code"": ""ASMI"", ""node_text"": ""Myocardial Infarction"", ""reason"": ""general type of myocardial infarction"", ""rank"": 2, ""similarity"": 0.6211402416229248, ""edge_type"": ""RELATED_TO"", ""data_source"": ""ptbxl_scp_to_book_disease.json""}"
96,SUPERTYPE_OF,87,0.5874420404434204,"{""scp_code"": ""ASMI"", ""node_text"": ""Anterior wall myocardial infarction"", ""reason"": ""anterior wall includes anteroseptal"", ""rank"": 5, ""similarity"": 0.5874420404434204, ""edge_type"": ""RELATED_TO"", ""data_source"": ""ptbxl_scp_to_book_disease.json""}"
98,HAS_LABEL,99,1.0,"{""scp_code"": ""ILMI"", ""label_text"": ""inferolateral myocardial infarction"", ""statement_category"": ""Myocardial Infarction"", ""data_source"": ""ptbxl_scp_to_book_disease.json""}"
98,MAPS_TO,90,0.676814079284668,"{""scp_code"": ""ILMI"", ""node_text"": ""Inferior wall myocardial infarction"", ""reason"": ""Synonymous term"", ""rank"": 2, ""similarity"": 0.676814079284668, ""edge_type"": ""RELATED_TO"", ""data_source"": ""ptbxl_scp_to_book_disease.json""}"
98,SUPERTYPE_OF,9,0.6728460788726807,"{""scp_code"": ""ILMI"", ""node_text"": ""Myocardial Infarction"", ""reason"": ""General myocardial infarction"", ""rank"": 3, ""similarity"": 0.6728460788726807, ""edge_type"": ""RELATED_TO"", ""data_source"": ""ptbxl_scp_to_book_disease.json""}"
98,SUPERTYPE_OF,42,0.6568814516067505,"{""scp_code"": ""ILMI"", ""node_text"": ""Inferior Wall Myocardial Infarction"", ""reason"": ""Broader inferiority category"", ""rank"": 5, ""similarity"": 0.6568814516067505, ""edge_type"": ""RELATED_TO"", ""data_source"": ""ptbxl_scp_to_book_disease.json""}"
100,HAS_LABEL,101,1.0,"{""scp_code"": ""AMI"", ""label_text"": ""anterior myocardial infarction"", ""statement_category"": ""Myocardial Infarction"", ""data_source"": ""ptbxl_scp_to_book_disease.json""}"
100,MAPS_TO,36,0.8761476874351501,"{""scp_code"": ""AMI"", ""node_text"": ""Anterior Myocardial Infarction"", ""reason"": ""exact match on wording"", ""rank"": 1, ""similarity"": 0.8761476874351501, ""edge_type"": ""RELATED_TO"", ""data_source"": ""ptbxl_scp_to_book_disease.json""}"
100,SUPERTYPE_OF,87,0.773312509059906,"{""scp_code"": ""AMI"", ""node_text"": ""Anterior wall myocardial infarction"", ""reason"": ""anterior wall is broader"", ""rank"": 3, ""similarity"": 0.773312509059906, ""edge_type"": ""RELATED_TO"", ""data_source"": ""ptbxl_scp_to_book_disease.json""}"
100,SUPERTYPE_OF,13,0.7174826860427856,"{""scp_code"": ""AMI"", ""node_text"": ""Acute Myocardial Infarction"", ""reason"": ""acute encompasses specific types"", ""rank"": 4, ""similarity"": 0.7174826860427856, ""edge_type"": ""RELATED_TO"", ""data_source"": ""ptbxl_scp_to_book_disease.json""}"
100,SUPERTYPE_OF,9,0.6611607074737549,"{""scp_code"": ""AMI"", ""node_text"": ""Myocardial Infarction"", ""reason"": ""myocardial infarction is broader"", ""rank"": 5, ""similarity"": 0.6611607074737549, ""edge_type"": ""RELATED_TO"", ""data_source"": ""ptbxl_scp_to_book_disease.json""}"
102,HAS_LABEL,103,1.0,"{""scp_code"": ""ALMI"", ""label_text"": ""anterolateral myocardial infarction"", ""statement_category"": ""Myocardial Infarction"", ""data_source"": ""ptbxl_scp_to_book_disease.json""}"
102,MAPS_TO,85,0.7371638417243958,"{""scp_code"": ""ALMI"", ""node_text"": ""Lateral Wall Myocardial Infarction"", ""reason"": ""Equivalent meaning"", ""rank"": 2, ""similarity"": 0.7371638417243958, ""edge_type"": ""RELATED_TO"", ""data_source"": ""ptbxl_scp_to_book_disease.json""}"
102,SUPERTYPE_OF,87,0.6594342589378357,"{""scp_code"": ""ALMI"", ""node_text"": ""Anterior wall myocardial infarction"", ""reason"": ""Subtype of anterior MI"", ""rank"": 5, ""similarity"": 0.6594342589378357, ""edge_type"": ""RELATED_TO"", ""data_source"": ""ptbxl_scp_to_book_disease.json""}"
102,SUPERTYPE_OF,9,0.6496118903160095,"{""scp_code"": ""ALMI"", ""node_text"": ""Myocardial Infarction"", ""reason"": ""General myocardial infarction"", ""rank"": 6, ""similarity"": 0.6496118903160095, ""edge_type"": ""RELATED_TO"", ""data_source"": ""ptbxl_scp_to_book_disease.json""}"
102,SUPERTYPE_OF,13,0.6363816261291504,"{""scp_code"": ""ALMI"", ""node_text"": ""Acute Myocardial Infarction"", ""reason"": ""General myocardial infarction"", ""rank"": 8, ""similarity"": 0.6363816261291504, ""edge_type"": ""RELATED_TO"", ""data_source"": ""ptbxl_scp_to_book_disease.json""}"
104,HAS_LABEL,105,1.0,"{""scp_code"": ""LMI"", ""label_text"": ""lateral myocardial infarction"", ""statement_category"": ""Myocardial Infarction"", ""data_source"": ""ptbxl_scp_to_book_disease.json""}"
104,MAPS_TO,85,0.8295711278915405,"{""scp_code"": ""LMI"", ""node_text"": ""Lateral Wall Myocardial Infarction"", ""reason"": ""semantic equivalence"", ""rank"": 1, ""similarity"": 0.8295711278915405, ""edge_type"": ""RELATED_TO"", ""data_source"": ""ptbxl_scp_to_book_disease.json""}"
104,SUPERTYPE_OF,9,0.6592362523078918,"{""scp_code"": ""LMI"", ""node_text"": ""Myocardial Infarction"", ""reason"": ""broad category"", ""rank"": 4, ""similarity"": 0.6592362523078918, ""edge_type"": ""RELATED_TO"", ""data_source"": ""ptbxl_scp_to_book_disease.json""}"
106,HAS_LABEL,107,1.0,"{""scp_code"": ""INJIN"", ""label_text"": ""subendocardial injury in inferior leads"", ""statement_category"": ""ischemic ST-T changes compatible with subendocardial injury"", ""data_source"": ""ptbxl_scp_to_book_disease.json""}"
106,SUPERTYPE_OF,90,0.5971287488937378,"{""scp_code"": ""INJIN"", ""node_text"": ""Inferior wall myocardial infarction"", ""reason"": ""specific type of myocardial injury"", ""rank"": 2, ""similarity"": 0.5971287488937378, ""edge_type"": ""RELATED_TO"", ""data_source"": ""ptbxl_scp_to_book_disease.json""}"
106,SUPERTYPE_OF,42,0.5625818967819214,"{""scp_code"": ""INJIN"", ""node_text"": ""Inferior Wall Myocardial Infarction"", ""reason"": ""specific type of myocardial injury"", ""rank"": 3, ""similarity"": 0.5625818967819214, ""edge_type"": ""RELATED_TO"", ""data_source"": ""ptbxl_scp_to_book_disease.json""}"
106,SUPERTYPE_OF,9,0.4956359267234802,"{""scp_code"": ""INJIN"", ""node_text"": ""Myocardial Infarction"", ""reason"": ""general category of myocardial injury"", ""rank"": 7, ""similarity"": 0.4956359267234802, ""edge_type"": ""RELATED_TO"", ""data_source"": ""ptbxl_scp_to_book_disease.json""}"
108,HAS_LABEL,109,1.0,"{""scp_code"": ""INJLA"", ""label_text"": ""subendocardial injury in lateral leads"", ""statement_category"": ""ischemic ST-T changes compatible with subendocardial injury"", ""data_source"": ""ptbxl_scp_to_book_disease.json""}"
108,SUPERTYPE_OF,2,0.5901767015457153,"{""scp_code"": ""INJLA"", ""node_text"": ""Myocardial Injury"", ""reason"": ""broad concept of myocardial injury"", ""rank"": 2, ""similarity"": 0.5901767015457153, ""edge_type"": ""RELATED_TO"", ""data_source"": ""ptbxl_scp_to_book_disease.json""}"
110,HAS_LABEL,111,1.0,"{""scp_code"": ""INJIL"", ""label_text"": ""subendocardial injury in inferolateral leads"", ""statement_category"": ""ischemic ST-T changes compatible with subendocardial injury"", ""data_source"": ""ptbxl_scp_to_book_disease.json""}"
110,SUPERTYPE_OF,90,0.5646880865097046,"{""scp_code"": ""INJIL"", ""node_text"": ""Inferior wall myocardial infarction"", ""reason"": ""subendocardial injury subtype"", ""rank"": 2, ""similarity"": 0.5646880865097046, ""edge_type"": ""RELATED_TO"", ""data_source"": ""ptbxl_scp_to_book_disease.json""}"
110,SUPERTYPE_OF,85,0.5631721019744873,"{""scp_code"": ""INJIL"", ""node_text"": ""Lateral Wall Myocardial Infarction"", ""reason"": ""subendocardial injury subtype"", ""rank"": 3, ""similarity"": 0.5631721019744873, ""edge_type"": ""RELATED_TO"", ""data_source"": ""ptbxl_scp_to_book_disease.json""}"
110,SUPERTYPE_OF,42,0.5308610796928406,"{""scp_code"": ""INJIL"", ""node_text"": ""Inferior Wall Myocardial Infarction"", ""reason"": ""subendocardial injury subtype"", ""rank"": 7, ""similarity"": 0.5308610796928406, ""edge_type"": ""RELATED_TO"", ""data_source"": ""ptbxl_scp_to_book_disease.json""}"
110,SUPERTYPE_OF,9,0.5201094746589661,"{""scp_code"": ""INJIL"", ""node_text"": ""Myocardial Infarction"", ""reason"": ""general myocardial infarction"", ""rank"": 8, ""similarity"": 0.5201094746589661, ""edge_type"": ""RELATED_TO"", ""data_source"": ""ptbxl_scp_to_book_disease.json""}"
112,HAS_LABEL,113,1.0,"{""scp_code"": ""PMI"", ""label_text"": ""posterior myocardial infarction"", ""statement_category"": ""Myocardial Infarction"", ""data_source"": ""ptbxl_scp_to_book_disease.json""}"
112,MAPS_TO,47,0.9027674198150635,"{""scp_code"": ""PMI"", ""node_text"": ""Posterior Myocardial Infarction"", ""reason"": ""exact match to query"", ""rank"": 1, ""similarity"": 0.9027674198150635, ""edge_type"": ""RELATED_TO"", ""data_source"": ""ptbxl_scp_to_book_disease.json""}"
112,SUPERTYPE_OF,9,0.6599889397621155,"{""scp_code"": ""PMI"", ""node_text"": ""Myocardial Infarction"", ""reason"": ""more general category"", ""rank"": 5, ""similarity"": 0.6599889397621155, ""edge_type"": ""RELATED_TO"", ""data_source"": ""ptbxl_scp_to_book_disease.json""}"
112,SUPERTYPE_OF,13,0.6150446534156799,"{""scp_code"": ""PMI"", ""node_text"": ""Acute Myocardial Infarction"", ""reason"": ""more general category"", ""rank"": 7, ""similarity"": 0.6150446534156799, ""edge_type"": ""RELATED_TO"", ""data_source"": ""ptbxl_scp_to_book_disease.json""}"
114,HAS_LABEL,115,1.0,"{""scp_code"": ""IPLMI"", ""label_text"": ""inferoposterolateral myocardial infarction"", ""statement_category"": ""Myocardial Infarction"", ""data_source"": ""ptbxl_scp_to_book_disease.json""}"
114,MAPS_TO,90,0.649358868598938,"{""scp_code"": ""IPLMI"", ""node_text"": ""Inferior wall myocardial infarction"", ""reason"": ""Equivalent term"", ""rank"": 3, ""similarity"": 0.649358868598938, ""edge_type"": ""RELATED_TO"", ""data_source"": ""ptbxl_scp_to_book_disease.json""}"
114,SUPERTYPE_OF,9,0.6449646353721619,"{""scp_code"": ""IPLMI"", ""node_text"": ""Myocardial Infarction"", ""reason"": ""Broader category"", ""rank"": 4, ""similarity"": 0.6449646353721619, ""edge_type"": ""RELATED_TO"", ""data_source"": ""ptbxl_scp_to_book_disease.json""}"
114,SUPERTYPE_OF,42,0.6278090476989746,"{""scp_code"": ""IPLMI"", ""node_text"": ""Inferior Wall Myocardial Infarction"", ""reason"": ""Broader category"", ""rank"": 6, ""similarity"": 0.6278090476989746, ""edge_type"": ""RELATED_TO"", ""data_source"": ""ptbxl_scp_to_book_disease.json""}"
116,HAS_LABEL,117,1.0,"{""scp_code"": ""IPMI"", ""label_text"": ""inferoposterior myocardial infarction"", ""statement_category"": ""Myocardial Infarction"", ""data_source"": ""ptbxl_scp_to_book_disease.json""}"
116,MAPS_TO,90,0.7025455236434937,"{""scp_code"": ""IPMI"", ""node_text"": ""Inferior wall myocardial infarction"", ""reason"": ""Equivalent term"", ""rank"": 3, ""similarity"": 0.7025455236434937, ""edge_type"": ""RELATED_TO"", ""data_source"": ""ptbxl_scp_to_book_disease.json""}"
116,SUPERTYPE_OF,9,0.6860203146934509,"{""scp_code"": ""IPMI"", ""node_text"": ""Myocardial Infarction"", ""reason"": ""More general"", ""rank"": 5, ""similarity"": 0.6860203146934509, ""edge_type"": ""RELATED_TO"", ""data_source"": ""ptbxl_scp_to_book_disease.json""}"
116,MAPS_TO,42,0.6688477396965027,"{""scp_code"": ""IPMI"", ""node_text"": ""Inferior Wall Myocardial Infarction"", ""reason"": ""Equivalent term"", ""rank"": 7, ""similarity"": 0.6688477396965027, ""edge_type"": ""RELATED_TO"", ""data_source"": ""ptbxl_scp_to_book_disease.json""}"
118,HAS_LABEL,119,1.0,"{""scp_code"": ""ISC_"", ""label_text"": ""non-specific ischemic"", ""statement_category"": ""Basic roots for coding ST-T changes and abnormalities"", ""data_source"": ""ptbxl_scp_to_book_ecgfinding.json""}"
118,SUPERTYPE_OF,10,0.42263123393058777,"{""scp_code"": ""ISC_"", ""node_text"": ""ST segment depression"", ""reason"": ""more general than non-specific"", ""rank"": 2, ""similarity"": 0.42263123393058777, ""edge_type"": ""RELATED_TO"", ""data_source"": ""ptbxl_scp_to_book_ecgfinding.json""}"
118,SUPERTYPE_OF,3,0.3946021497249603,"{""scp_code"": ""ISC_"", ""node_text"": ""ST-segment elevation"", ""reason"": ""general category of elevation"", ""rank"": 7, ""similarity"": 0.3946021497249603, ""edge_type"": ""RELATED_TO"", ""data_source"": ""ptbxl_scp_to_book_ecgfinding.json""}"
120,HAS_LABEL,121,1.0,"{""scp_code"": ""ISCAL"", ""label_text"": ""ischemic in anterolateral leads"", ""statement_category"": ""ischemic ST-T changes"", ""data_source"": ""ptbxl_scp_to_book_ecgfinding.json""}"
120,SUPERTYPE_OF,38,0.6129074692726135,"{""scp_code"": ""ISCAL"", ""node_text"": ""ST segment elevation in lateral leads (aVL, I, and V6)"", ""reason"": ""lateral leads included"", ""rank"": 8, ""similarity"": 0.6129074692726135, ""edge_type"": ""RELATED_TO"", ""data_source"": ""ptbxl_scp_to_book_ecgfinding.json""}"
122,HAS_LABEL,123,1.0,"{""scp_code"": ""ISCIN"", ""label_text"": ""ischemic in inferior leads"", ""statement_category"": ""ischemic ST-T changes"", ""data_source"": ""ptbxl_scp_to_book_ecgfinding.json""}"
122,MAPS_TO,41,0.6767625212669373,"{""scp_code"": ""ISCIN"", ""node_text"": ""ST segment elevation in the inferior leads (II, III, and aVF)"", ""reason"": ""equivalent finding in inferior leads"", ""rank"": 5, ""similarity"": 0.6767625212669373, ""edge_type"": ""RELATED_TO"", ""data_source"": ""ptbxl_scp_to_book_ecgfinding.json""}"
124,HAS_LABEL,125,1.0,"{""scp_code"": ""ISCIL"", ""label_text"": ""ischemic in inferolateral leads"", ""statement_category"": ""ischemic ST-T changes"", ""data_source"": ""ptbxl_scp_to_book_ecgfinding.json""}"
124,SUPERTYPE_OF,50,0.6950572729110718,"{""scp_code"": ""ISCIL"", ""node_text"": ""ST segment elevation in inferior and lateral leads"", ""reason"": ""generalizes ST elevation"", ""rank"": 1, ""similarity"": 0.6950572729110718, ""edge_type"": ""RELATED_TO"", ""data_source"": ""ptbxl_scp_to_book_ecgfinding.json""}"
124,SUPERTYPE_OF,40,0.6649612784385681,"{""scp_code"": ""ISCIL"", ""node_text"": ""ST segment elevation in the inferior leads"", ""reason"": ""specific case of ischemic finding"", ""rank"": 3, ""similarity"": 0.6649612784385681, ""edge_type"": ""RELATED_TO"", ""data_source"": ""ptbxl_scp_to_book_ecgfinding.json""}"
124,SUPERTYPE_OF,35,0.6382272243499756,"{""scp_code"": ""ISCIL"", ""node_text"": ""ST segment elevation in two adjacent leads"", ""reason"": ""generalization of two leads"", ""rank"": 5, ""similarity"": 0.6382272243499756, ""edge_type"": ""RELATED_TO"", ""data_source"": ""ptbxl_scp_to_book_ecgfinding.json""}"
124,SUPERTYPE_OF,41,0.6246271729469299,"{""scp_code"": ""ISCIL"", ""node_text"": ""ST segment elevation in the inferior leads (II, III, and aVF)"", ""reason"": ""subset of inferior leads"", ""rank"": 6, ""similarity"": 0.6246271729469299, ""edge_type"": ""RELATED_TO"", ""data_source"": ""ptbxl_scp_to_book_ecgfinding.json""}"
126,HAS_LABEL,127,1.0,"{""scp_code"": ""ISCLA"", ""label_text"": ""ischemic in lateral leads"", ""statement_category"": ""ischemic ST-T changes"", ""data_source"": ""ptbxl_scp_to_book_ecgfinding.json""}"
126,MAPS_TO,38,0.6230058073997498,"{""scp_code"": ""ISCLA"", ""node_text"": ""ST segment elevation in lateral leads (aVL, I, and V6)"", ""reason"": ""same lateral leads involvement"", ""rank"": 3, ""similarity"": 0.6230058073997498, ""edge_type"": ""RELATED_TO"", ""data_source"": ""ptbxl_scp_to_book_ecgfinding.json""}"
108,HAS_LABEL,109,1.0,"{""scp_code"": ""INJLA"", ""label_text"": ""subendocardial injury in lateral leads"", ""statement_category"": ""ischemic ST-T changes compatible with subendocardial injury"", ""data_source"": ""ptbxl_scp_to_book_ecgfinding.json""}"
108,SUPERTYPE_OF,38,0.6043423414230347,"{""scp_code"": ""INJLA"", ""node_text"": ""ST segment elevation in lateral leads (aVL, I, and V6)"", ""reason"": ""general ST elevation"", ""rank"": 4, ""similarity"": 0.6043423414230347, ""edge_type"": ""RELATED_TO"", ""data_source"": ""ptbxl_scp_to_book_ecgfinding.json""}"
128,HAS_LABEL,129,1.0,"{""scp_code"": ""QWAVE"", ""label_text"": ""Q waves present"", ""statement_category"": ""Other QRS morphology descriptive statements"", ""data_source"": ""ptbxl_scp_to_book_ecgfinding.json""}"
128,MAPS_TO,24,0.8709629774093628,"{""scp_code"": ""QWAVE"", ""node_text"": ""Q waves"", ""reason"": ""exact equivalence"", ""rank"": 1, ""similarity"": 0.8709629774093628, ""edge_type"": ""RELATED_TO"", ""data_source"": ""ptbxl_scp_to_book_ecgfinding.json""}"
128,SUPERTYPE_OF,21,0.7020890712738037,"{""scp_code"": ""QWAVE"", ""node_text"": ""abnormal Q waves"", ""reason"": ""broader category"", ""rank"": 2, ""similarity"": 0.7020890712738037, ""edge_type"": ""RELATED_TO"", ""data_source"": ""ptbxl_scp_to_book_ecgfinding.json""}"
128,SUPERTYPE_OF,8,0.6702477931976318,"{""scp_code"": ""QWAVE"", ""node_text"": ""Abnormal ventricular depolarization: Q waves"", ""reason"": ""broader category"", ""rank"": 3, ""similarity"": 0.6702477931976318, ""edge_type"": ""RELATED_TO"", ""data_source"": ""ptbxl_scp_to_book_ecgfinding.json""}"
128,SUPERTYPE_OF,71,0.6618287563323975,"{""scp_code"": ""QWAVE"", ""node_text"": ""Q wave (> 30 ms) in two or more lateral leads (I, aVL, V5, or V6)"", ""reason"": ""broader category"", ""rank"": 4, ""similarity"": 0.6618287563323975, ""edge_type"": ""RELATED_TO"", ""data_source"": ""ptbxl_scp_to_book_ecgfinding.json""}"
128,SUPERTYPE_OF,76,0.6363341808319092,"{""scp_code"": ""QWAVE"", ""node_text"": ""Presence of Q waves in two of the lateral leads (I, aVL, V5, V6)"", ""reason"": ""broader category"", ""rank"": 7, ""similarity"": 0.6363341808319092, ""edge_type"": ""RELATED_TO"", ""data_source"": ""ptbxl_scp_to_book_ecgfinding.json""}"
128,SUPERTYPE_OF,79,0.6353856921195984,"{""scp_code"": ""QWAVE"", ""node_text"": ""Development of Q waves in the inferior leads"", ""reason"": ""broader category"", ""rank"": 8, ""similarity"": 0.6353856921195984, ""edge_type"": ""RELATED_TO"", ""data_source"": ""ptbxl_scp_to_book_ecgfinding.json""}"
130,HAS_LABEL,131,1.0,"{""scp_code"": ""STD_"", ""label_text"": ""non-specific ST depression"", ""statement_category"": ""Basic roots for coding ST-T changes and abnormalities"", ""data_source"": ""ptbxl_scp_to_book_ecgfinding.json""}"
130,SUPERTYPE_OF,64,0.7617446780204773,"{""scp_code"": ""STD_"", ""node_text"": ""diffuse ST segment depression"", ""reason"": ""specific type of ST depression"", ""rank"": 1, ""similarity"": 0.7617446780204773, ""edge_type"": ""RELATED_TO"", ""data_source"": ""ptbxl_scp_to_book_ecgfinding.json""}"
130,SUPERTYPE_OF,10,0.7024798393249512,"{""scp_code"": ""STD_"", ""node_text"": ""ST segment depression"", ""reason"": ""general type of ST depression"", ""rank"": 3, ""similarity"": 0.7024798393249512, ""edge_type"": ""RELATED_TO"", ""data_source"": ""ptbxl_scp_to_book_ecgfinding.json""}"
132,HAS_LABEL,133,1.0,"{""scp_code"": ""STE_"", ""label_text"": ""non-specific ST elevation"", ""statement_category"": ""Basic roots for coding ST-T changes and abnormalities"", ""data_source"": ""ptbxl_scp_to_book_ecgfinding.json""}"
132,MAPS_TO,3,0.7180912494659424,"{""scp_code"": ""STE_"", ""node_text"": ""ST-segment elevation"", ""reason"": ""exact match with elevation"", ""rank"": 2, ""similarity"": 0.7180912494659424, ""edge_type"": ""RELATED_TO"", ""data_source"": ""ptbxl_scp_to_book_ecgfinding.json""}"
132,MAPS_TO,1,0.6925619840621948,"{""scp_code"": ""STE_"", ""node_text"": ""ST segment elevation"", ""reason"": ""synonymous finding"", ""rank"": 4, ""similarity"": 0.6925619840621948, ""edge_type"": ""RELATED_TO"", ""data_source"": ""ptbxl_scp_to_book_ecgfinding.json""}"
134,HAS_LABEL,135,1.0,"{""scp_code"": ""TAB_"", ""label_text"": ""T-wave abnormality"", ""statement_category"": ""Basic roots for coding ST-T changes and abnormalities"", ""data_source"": ""ptbxl_scp_to_book_ecgfinding.json""}"
134,MAPS_TO,27,0.7290679812431335,"{""scp_code"": ""TAB_"", ""node_text"": ""T wave inversion"", ""reason"": ""same abnormality stated"", ""rank"": 1, ""similarity"": 0.7290679812431335, ""edge_type"": ""RELATED_TO"", ""data_source"": ""ptbxl_scp_to_book_ecgfinding.json""}"
134,MAPS_TO,6,0.712441086769104,"{""scp_code"": ""TAB_"", ""node_text"": ""T-wave inversions"", ""reason"": ""synonymous wording"", ""rank"": 2, ""similarity"": 0.712441086769104, ""edge_type"": ""RELATED_TO"", ""data_source"": ""ptbxl_scp_to_book_ecgfinding.json""}"
134,MAPS_TO,11,0.6761167049407959,"{""scp_code"": ""TAB_"", ""node_text"": ""inverted T waves"", ""reason"": ""same abnormality stated"", ""rank"": 4, ""similarity"": 0.6761167049407959, ""edge_type"": ""RELATED_TO"", ""data_source"": ""ptbxl_scp_to_book_ecgfinding.json""}"
134,MAPS_TO,78,0.6539959907531738,"{""scp_code"": ""TAB_"", ""node_text"": ""T wave inversion in the inferior leads"", ""reason"": ""specific T-wave inversion"", ""rank"": 6, ""similarity"": 0.6539959907531738, ""edge_type"": ""RELATED_TO"", ""data_source"": ""ptbxl_scp_to_book_ecgfinding.json""}"
136,HAS_LABEL,137,1.0,"{""scp_code"": ""INVT"", ""label_text"": ""inverted T-waves"", ""statement_category"": ""other ST-T descriptive statements"", ""data_source"": ""ptbxl_scp_to_book_ecgfinding.json""}"
136,MAPS_TO,11,0.9652091264724731,"{""scp_code"": ""INVT"", ""node_text"": ""inverted T waves"", ""reason"": ""exact wording match"", ""rank"": 1, ""similarity"": 0.9652091264724731, ""edge_type"": ""RELATED_TO"", ""data_source"": ""ptbxl_scp_to_book_ecgfinding.json""}"
136,SUPERTYPE_OF,33,0.8645179867744446,"{""scp_code"": ""INVT"", ""node_text"": ""deeply inverted T waves"", ""reason"": ""deeper degree of inversion"", ""rank"": 2, ""similarity"": 0.8645179867744446, ""edge_type"": ""RELATED_TO"", ""data_source"": ""ptbxl_scp_to_book_ecgfinding.json""}"
136,MAPS_TO,27,0.8034812211990356,"{""scp_code"": ""INVT"", ""node_text"": ""T wave inversion"", ""reason"": ""equivalent wording"", ""rank"": 3, ""similarity"": 0.8034812211990356, ""edge_type"": ""RELATED_TO"", ""data_source"": ""ptbxl_scp_to_book_ecgfinding.json""}"
136,MAPS_TO,6,0.7986539602279663,"{""scp_code"": ""INVT"", ""node_text"": ""T-wave inversions"", ""reason"": ""variation in wording"", ""rank"": 4, ""similarity"": 0.7986539602279663, ""edge_type"": ""RELATED_TO"", ""data_source"": ""ptbxl_scp_to_book_ecgfinding.json""}"
138,HAS_LABEL,139,1.0,"{""scp_code"": ""LOWT"", ""label_text"": ""low amplitude T-waves"", ""statement_category"": ""other ST-T descriptive statements"", ""data_source"": ""ptbxl_scp_to_book_ecgfinding.json""}"
138,MAPS_TO,27,0.6324051022529602,"{""scp_code"": ""LOWT"", ""node_text"": ""T wave inversion"", ""reason"": ""equivalent to T wave inversion"", ""rank"": 4, ""similarity"": 0.6324051022529602, ""edge_type"": ""RELATED_TO"", ""data_source"": ""ptbxl_scp_to_book_ecgfinding.json""}"
138,MAPS_TO,6,0.6116783618927002,"{""scp_code"": ""LOWT"", ""node_text"": ""T-wave inversions"", ""reason"": ""equivalent to T wave inversion"", ""rank"": 5, ""similarity"": 0.6116783618927002, ""edge_type"": ""RELATED_TO"", ""data_source"": ""ptbxl_scp_to_book_ecgfinding.json""}"
